strategy_id,p_skill,oos_sharpe,select
S00005,0.5,0.0,1
S00006,0.5,0.0,1
S00013,0.5,0.0,1
S00015,0.5,0.0,1
S00017,0.5,0.0,1
S00018,0.5,0.0,1
S00021,0.5,0.0,1
S00022,0.5,0.0,1
S00026,0.5,0.0,1
S00028,0.5,0.0,1
S00029,0.5,0.0,1
S00030,0.5,0.0,1
S00031,0.5,0.0,1
S00034,0.5,0.0,1
S00037,0.5,0.0,1
S00043,0.5,0.0,1
S00045,0.5,0.0,1
S00047,0.5,0.0,1
S00048,0.5,0.0,1
S00051,0.5,0.0,1
S00058,0.5,0.0,1
S00061,0.5,0.0,1
S00062,0.5,0.0,1
S00067,0.5,0.0,1
S00068,0.5,0.0,1
S00069,0.5,0.0,1
S00073,0.5,0.0,1
S00075,0.5,0.0,1
S00078,0.5,0.0,1
S00080,0.5,0.0,1
S00081,0.5,0.0,1
S00084,0.5,0.0,1
S00085,0.5,0.0,1
S00088,0.5,0.0,1
S00092,0.5,0.0,1
S00096,0.5,0.0,1
S00100,0.5,0.0,1
S00102,0.5,0.0,1
S00103,0.5,0.0,1
S00104,0.5,0.0,1
S00107,0.5,0.0,1
S00113,0.5,0.0,1
S00114,0.5,0.0,1
S00115,0.5,0.0,1
S00116,0.5,0.0,1
S00118,0.5,0.0,1
S00121,0.5,0.0,1
S00124,0.5,0.0,1
S00129,0.5,0.0,1
S00131,0.5,0.0,1
S00133,0.5,0.0,1
S00135,0.5,0.0,1
S00142,0.5,0.0,1
S00144,0.5,0.0,1
S00150,0.5,0.0,1
S00154,0.5,0.0,1
S00155,0.5,0.0,1
S00156,0.5,0.0,1
S00158,0.5,0.0,1
S00159,0.5,0.0,1
S00160,0.5,0.0,1
S00161,0.5,0.0,1
S00162,0.5,0.0,1
S00166,0.5,0.0,1
S00168,0.5,0.0,1
S00170,0.5,0.0,1
S00176,0.5,0.0,1
S00179,0.5,0.0,1
S00182,0.5,0.0,1
S00183,0.5,0.0,1
S00185,0.5,0.0,1
S00186,0.5,0.0,1
S00193,0.5,0.0,1
S00194,0.5,0.0,1
S00195,0.5,0.0,1
S00196,0.5,0.0,1
S00208,0.5,0.0,1
S00210,0.5,0.0,1
S00212,0.5,0.0,1
S00213,0.5,0.0,1
S00214,0.5,0.0,1
S00218,0.5,0.0,1
S00219,0.5,0.0,1
S00224,0.5,0.0,1
S00225,0.5,0.0,1
S00226,0.5,0.0,1
S00227,0.5,0.0,1
S00228,0.5,0.0,1
S00231,0.5,0.0,1
S00232,0.5,0.0,1
S00245,0.5,0.0,1
S00250,0.5,0.0,1
S00254,0.5,0.0,1
S00255,0.5,0.0,1
S00257,0.5,0.0,1
S00263,0.5,0.0,1
S00266,0.5,0.0,1
S00277,0.5,0.0,1
S00278,0.5,0.0,1
S00280,0.5,0.0,1
S00281,0.5,0.0,1
S00283,0.5,0.0,1
S00284,0.5,0.0,1
S00285,0.5,0.0,1
S00287,0.5,0.0,1
S00288,0.5,0.0,1
S00289,0.5,0.0,1
S00290,0.5,0.0,1
S00292,0.5,0.0,1
S00296,0.5,0.0,1
S00299,0.5,0.0,1
S00304,0.5,0.0,1
S00305,0.5,0.0,1
S00306,0.5,0.0,1
S00309,0.5,0.0,1
S00312,0.5,0.0,1
S00314,0.5,0.0,1
S00315,0.5,0.0,1
S00317,0.5,0.0,1
S00318,0.5,0.0,1
S00319,0.5,0.0,1
S00321,0.5,0.0,1
S00323,0.5,0.0,1
S00325,0.5,0.0,1
S00326,0.5,0.0,1
S00329,0.5,0.0,1
S00330,0.5,0.0,1
S00332,0.5,0.0,1
S00335,0.5,0.0,1
S00337,0.5,0.0,1
S00339,0.5,0.0,1
S00340,0.5,0.0,1
S00342,0.5,0.0,1
S00343,0.5,0.0,1
S00344,0.5,0.0,1
S00345,0.5,0.0,1
S00349,0.5,0.0,1
S00350,0.5,0.0,1
S00352,0.5,0.0,1
S00354,0.5,0.0,1
S00357,0.5,0.0,1
S00358,0.5,0.0,1
S00361,0.5,0.0,1
S00366,0.5,0.0,1
S00368,0.5,0.0,1
S00370,0.5,0.0,1
S00374,0.5,0.0,1
S00375,0.5,0.0,1
S00381,0.5,0.0,1
S00382,0.5,0.0,1
S00383,0.5,0.0,1
S00386,0.5,0.0,1
S00388,0.5,0.0,1
S00389,0.5,0.0,1
S00390,0.5,0.0,1
S00391,0.5,0.0,1
S00392,0.5,0.0,1
S00398,0.5,0.0,1
S00400,0.5,0.0,1
S00401,0.5,0.0,1
S00403,0.5,0.0,1
S00405,0.5,0.0,1
S00408,0.5,0.0,1
S00409,0.5,0.0,1
S00410,0.5,0.0,1
S00413,0.5,0.0,1
S00416,0.5,0.0,1
S00417,0.5,0.0,1
S00423,0.5,0.0,1
S00426,0.5,0.0,1
S00431,0.5,0.0,1
S00432,0.5,0.0,1
S00435,0.5,0.0,1
S00438,0.5,0.0,1
S00444,0.5,0.0,1
S00446,0.5,0.0,1
S00447,0.5,0.0,1
S00449,0.5,0.0,1
S00451,0.5,0.0,1
S00454,0.5,0.0,1
S00455,0.5,0.0,1
S00456,0.5,0.0,1
S00460,0.5,0.0,1
S00461,0.5,0.0,1
S00462,0.5,0.0,1
S00463,0.5,0.0,1
S00464,0.5,0.0,1
S00467,0.5,0.0,1
S00468,0.5,0.0,1
S00469,0.5,0.0,1
S00471,0.5,0.0,1
S00475,0.5,0.0,1
S00477,0.5,0.0,1
S00479,0.5,0.0,1
S00482,0.5,0.0,1
S00483,0.5,0.0,1
S00484,0.5,0.0,1
S00485,0.5,0.0,1
S00487,0.5,0.0,1
S00490,0.5,0.0,1
S00494,0.5,0.0,1
S00496,0.5,0.0,1
S00498,0.5,0.0,1
S00499,0.5,0.0,1
S00503,0.5,0.0,1
S00509,0.5,0.0,1
S00510,0.5,0.0,1
S00513,0.5,0.0,1
S00514,0.5,0.0,1
S00516,0.5,0.0,1
S00520,0.5,0.0,1
S00522,0.5,0.0,1
S00524,0.5,0.0,1
S00525,0.5,0.0,1
S00528,0.5,0.0,1
S00531,0.5,0.0,1
S00532,0.5,0.0,1
S00537,0.5,0.0,1
S00538,0.5,0.0,1
S00540,0.5,0.0,1
S00549,0.5,0.0,1
S00554,0.5,0.0,1
S00555,0.5,0.0,1
S00556,0.5,0.0,1
S00558,0.5,0.0,1
S00559,0.5,0.0,1
S00564,0.5,0.0,1
S00565,0.5,0.0,1
S00566,0.5,0.0,1
S00573,0.5,0.0,1
S00575,0.5,0.0,1
S00576,0.5,0.0,1
S00578,0.5,0.0,1
S00579,0.5,0.0,1
S00582,0.5,0.0,1
S00583,0.5,0.0,1
S00586,0.5,0.0,1
S00587,0.5,0.0,1
S00589,0.5,0.0,1
S00591,0.5,0.0,1
S00592,0.5,0.0,0
S00595,0.5,0.0,0
S00597,0.5,0.0,0
S00598,0.5,0.0,0
S00600,0.5,0.0,0
S00605,0.5,0.0,0
S00606,0.5,0.0,0
S00607,0.5,0.0,0
S00608,0.5,0.0,0
S00610,0.5,0.0,0
S00611,0.5,0.0,0
S00614,0.5,0.0,0
S00616,0.5,0.0,0
S00620,0.5,0.0,0
S00621,0.5,0.0,0
S00622,0.5,0.0,0
S00625,0.5,0.0,0
S00626,0.5,0.0,0
S00627,0.5,0.0,0
S00631,0.5,0.0,0
S00634,0.5,0.0,0
S00635,0.5,0.0,0
S00639,0.5,0.0,0
S00640,0.5,0.0,0
S00641,0.5,0.0,0
S00645,0.5,0.0,0
S00646,0.5,0.0,0
S00647,0.5,0.0,0
S00648,0.5,0.0,0
S00650,0.5,0.0,0
S00652,0.5,0.0,0
S00659,0.5,0.0,0
S00661,0.5,0.0,0
S00662,0.5,0.0,0
S00665,0.5,0.0,0
S00667,0.5,0.0,0
S00668,0.5,0.0,0
S00671,0.5,0.0,0
S00679,0.5,0.0,0
S00683,0.5,0.0,0
S00691,0.5,0.0,0
S00696,0.5,0.0,0
S00698,0.5,0.0,0
S00699,0.5,0.0,0
S00701,0.5,0.0,0
S00706,0.5,0.0,0
S00707,0.5,0.0,0
S00708,0.5,0.0,0
S00710,0.5,0.0,0
S00711,0.5,0.0,0
S00716,0.5,0.0,0
S00726,0.5,0.0,0
S00727,0.5,0.0,0
S00730,0.5,0.0,0
S00732,0.5,0.0,0
S00735,0.5,0.0,0
S00742,0.5,0.0,0
S00744,0.5,0.0,0
S00745,0.5,0.0,0
S00747,0.5,0.0,0
S00748,0.5,0.0,0
S00749,0.5,0.0,0
S00750,0.5,0.0,0
S00751,0.5,0.0,0
S00752,0.5,0.0,0
S00754,0.5,0.0,0
S00759,0.5,0.0,0
S00761,0.5,0.0,0
S00762,0.5,0.0,0
S00763,0.5,0.0,0
S00764,0.5,0.0,0
S00767,0.5,0.0,0
S00768,0.5,0.0,0
S00770,0.5,0.0,0
S00771,0.5,0.0,0
S00773,0.5,0.0,0
S00774,0.5,0.0,0
S00777,0.5,0.0,0
S00778,0.5,0.0,0
S00779,0.5,0.0,0
S00781,0.5,0.0,0
S00786,0.5,0.0,0
S00787,0.5,0.0,0
S00789,0.5,0.0,0
S00794,0.5,0.0,0
S00797,0.5,0.0,0
S00799,0.5,0.0,0
S00801,0.5,0.0,0
S00803,0.5,0.0,0
S00804,0.5,0.0,0
S00811,0.5,0.0,0
S00816,0.5,0.0,0
S00817,0.5,0.0,0
S00819,0.5,0.0,0
S00822,0.5,0.0,0
S00823,0.5,0.0,0
S00825,0.5,0.0,0
S00827,0.5,0.0,0
S00828,0.5,0.0,0
S00830,0.5,0.0,0
S00831,0.5,0.0,0
S00833,0.5,0.0,0
S00834,0.5,0.0,0
S00840,0.5,0.0,0
S00843,0.5,0.0,0
S00845,0.5,0.0,0
S00846,0.5,0.0,0
S00853,0.5,0.0,0
S00856,0.5,0.0,0
S00860,0.5,0.0,0
S00865,0.5,0.0,0
S00871,0.5,0.0,0
S00873,0.5,0.0,0
S00882,0.5,0.0,0
S00883,0.5,0.0,0
S00885,0.5,0.0,0
S00886,0.5,0.0,0
S00890,0.5,0.0,0
S00891,0.5,0.0,0
S00893,0.5,0.0,0
S00900,0.5,0.0,0
S00903,0.5,0.0,0
S00907,0.5,0.0,0
S00913,0.5,0.0,0
S00914,0.5,0.0,0
S00916,0.5,0.0,0
S00918,0.5,0.0,0
S00919,0.5,0.0,0
S00920,0.5,0.0,0
S00921,0.5,0.0,0
S00922,0.5,0.0,0
S00924,0.5,0.0,0
S00925,0.5,0.0,0
S00928,0.5,0.0,0
S00936,0.5,0.0,0
S00937,0.5,0.0,0
S00940,0.5,0.0,0
S00941,0.5,0.0,0
S00942,0.5,0.0,0
S00943,0.5,0.0,0
S00952,0.5,0.0,0
S00961,0.5,0.0,0
S00962,0.5,0.0,0
S00966,0.5,0.0,0
S00967,0.5,0.0,0
S00971,0.5,0.0,0
S00974,0.5,0.0,0
S00976,0.5,0.0,0
S00977,0.5,0.0,0
S00978,0.5,0.0,0
S00979,0.5,0.0,0
S00989,0.5,0.0,0
S00994,0.5,0.0,0
S00995,0.5,0.0,0
S01000,0.5,0.0,0
S01002,0.5,0.0,0
S01005,0.5,0.0,0
S01006,0.5,0.0,0
S01007,0.5,0.0,0
S01008,0.5,0.0,0
S01009,0.5,0.0,0
S01010,0.5,0.0,0
S01017,0.5,0.0,0
S01026,0.5,0.0,0
S01028,0.5,0.0,0
S01030,0.5,0.0,0
S01033,0.5,0.0,0
S01034,0.5,0.0,0
S01037,0.5,0.0,0
S01040,0.5,0.0,0
S01048,0.5,0.0,0
S01050,0.5,0.0,0
S01051,0.5,0.0,0
S01052,0.5,0.0,0
S01054,0.5,0.0,0
S01058,0.5,0.0,0
S01059,0.5,0.0,0
S01060,0.5,0.0,0
S01061,0.5,0.0,0
S01063,0.5,0.0,0
S01068,0.5,0.0,0
S01069,0.5,0.0,0
S01070,0.5,0.0,0
S01079,0.5,0.0,0
S01081,0.5,0.0,0
S01082,0.5,0.0,0
S01083,0.5,0.0,0
S01084,0.5,0.0,0
S01085,0.5,0.0,0
S01090,0.5,0.0,0
S01092,0.5,0.0,0
S01096,0.5,0.0,0
S01098,0.5,0.0,0
S01103,0.5,0.0,0
S01104,0.5,0.0,0
S01105,0.5,0.0,0
S01108,0.5,0.0,0
S01110,0.5,0.0,0
S01112,0.5,0.0,0
S01113,0.5,0.0,0
S01115,0.5,0.0,0
S01119,0.5,0.0,0
S01123,0.5,0.0,0
S01127,0.5,0.0,0
S01128,0.5,0.0,0
S01129,0.5,0.0,0
S01130,0.5,0.0,0
S01131,0.5,0.0,0
S01133,0.5,0.0,0
S01135,0.5,0.0,0
S01136,0.5,0.0,0
S01137,0.5,0.0,0
S01138,0.5,0.0,0
S01139,0.5,0.0,0
S01140,0.5,0.0,0
S01142,0.5,0.0,0
S01145,0.5,0.0,0
S01150,0.5,0.0,0
S01151,0.5,0.0,0
S01157,0.5,0.0,0
S01160,0.5,0.0,0
S01162,0.5,0.0,0
S01163,0.5,0.0,0
S01164,0.5,0.0,0
S01168,0.5,0.0,0
S01171,0.5,0.0,0
S01172,0.5,0.0,0
S01174,0.5,0.0,0
S01176,0.5,0.0,0
S01179,0.5,0.0,0
S01184,0.5,0.0,0
S01186,0.5,0.0,0
S01187,0.5,0.0,0
S01195,0.5,0.0,0
S01197,0.5,0.0,0
S01199,0.5,0.0,0
S01200,0.5,0.0,0
S01201,0.5,0.0,0
S01205,0.5,0.0,0
S01206,0.5,0.0,0
S01209,0.5,0.0,0
S01210,0.5,0.0,0
S01212,0.5,0.0,0
S01213,0.5,0.0,0
S01216,0.5,0.0,0
S01219,0.5,0.0,0
S01220,0.5,0.0,0
S01221,0.5,0.0,0
S01222,0.5,0.0,0
S01228,0.5,0.0,0
S01232,0.5,0.0,0
S01233,0.5,0.0,0
S01234,0.5,0.0,0
S01237,0.5,0.0,0
S01241,0.5,0.0,0
S01243,0.5,0.0,0
S01244,0.5,0.0,0
S01246,0.5,0.0,0
S01247,0.5,0.0,0
S01249,0.5,0.0,0
S01250,0.5,0.0,0
S01255,0.5,0.0,0
S01258,0.5,0.0,0
S01259,0.5,0.0,0
S01264,0.5,0.0,0
S01267,0.5,0.0,0
S01270,0.5,0.0,0
S01271,0.5,0.0,0
S01272,0.5,0.0,0
S01275,0.5,0.0,0
S01276,0.5,0.0,0
S01279,0.5,0.0,0
S01282,0.5,0.0,0
S01287,0.5,0.0,0
S01288,0.5,0.0,0
S01289,0.5,0.0,0
S01291,0.5,0.0,0
S01292,0.5,0.0,0
S01293,0.5,0.0,0
S01297,0.5,0.0,0
S01304,0.5,0.0,0
S01309,0.5,0.0,0
S01314,0.5,0.0,0
S01315,0.5,0.0,0
S01316,0.5,0.0,0
S01320,0.5,0.0,0
S01321,0.5,0.0,0
S01326,0.5,0.0,0
S01327,0.5,0.0,0
S01330,0.5,0.0,0
S01332,0.5,0.0,0
S01333,0.5,0.0,0
S01335,0.5,0.0,0
S01337,0.5,0.0,0
S01339,0.5,0.0,0
S01341,0.5,0.0,0
S01344,0.5,0.0,0
S01348,0.5,0.0,0
S01350,0.5,0.0,0
S01351,0.5,0.0,0
S01354,0.5,0.0,0
S01355,0.5,0.0,0
S01356,0.5,0.0,0
S01357,0.5,0.0,0
S01358,0.5,0.0,0
S01362,0.5,0.0,0
S01365,0.5,0.0,0
S01367,0.5,0.0,0
S01372,0.5,0.0,0
S01375,0.5,0.0,0
S01376,0.5,0.0,0
S01377,0.5,0.0,0
S01381,0.5,0.0,0
S01382,0.5,0.0,0
S01383,0.5,0.0,0
S01384,0.5,0.0,0
S01386,0.5,0.0,0
S01391,0.5,0.0,0
S01392,0.5,0.0,0
S01394,0.5,0.0,0
S01397,0.5,0.0,0
S01398,0.5,0.0,0
S01399,0.5,0.0,0
S01401,0.5,0.0,0
S01404,0.5,0.0,0
S01406,0.5,0.0,0
S01414,0.5,0.0,0
S01415,0.5,0.0,0
S01417,0.5,0.0,0
S01418,0.5,0.0,0
S01419,0.5,0.0,0
S01421,0.5,0.0,0
S01426,0.5,0.0,0
S01432,0.5,0.0,0
S01435,0.5,0.0,0
S01437,0.5,0.0,0
S01440,0.5,0.0,0
S01446,0.5,0.0,0
S01448,0.5,0.0,0
S01449,0.5,0.0,0
S01451,0.5,0.0,0
S01452,0.5,0.0,0
S01454,0.5,0.0,0
S01458,0.5,0.0,0
S01459,0.5,0.0,0
S01461,0.5,0.0,0
S01462,0.5,0.0,0
S01463,0.5,0.0,0
S01466,0.5,0.0,0
S01467,0.5,0.0,0
S01472,0.5,0.0,0
S01473,0.5,0.0,0
S01474,0.5,0.0,0
S01475,0.5,0.0,0
S01476,0.5,0.0,0
S01479,0.5,0.0,0
S01481,0.5,0.0,0
S01487,0.5,0.0,0
S01490,0.5,0.0,0
S01492,0.5,0.0,0
S01499,0.5,0.0,0
S01501,0.5,0.0,0
S01508,0.5,0.0,0
S01512,0.5,0.0,0
S01518,0.5,0.0,0
S01520,0.5,0.0,0
S01521,0.5,0.0,0
S01524,0.5,0.0,0
S01530,0.5,0.0,0
S01539,0.5,0.0,0
S01541,0.5,0.0,0
S01543,0.5,0.0,0
S01544,0.5,0.0,0
S01548,0.5,0.0,0
S01549,0.5,0.0,0
S01550,0.5,0.0,0
S01552,0.5,0.0,0
S01555,0.5,0.0,0
S01559,0.5,0.0,0
S01561,0.5,0.0,0
S01563,0.5,0.0,0
S01564,0.5,0.0,0
S01570,0.5,0.0,0
S01572,0.5,0.0,0
S01573,0.5,0.0,0
S01578,0.5,0.0,0
S01579,0.5,0.0,0
S01581,0.5,0.0,0
S01585,0.5,0.0,0
S01588,0.5,0.0,0
S01591,0.5,0.0,0
S01593,0.5,0.0,0
S01594,0.5,0.0,0
S01596,0.5,0.0,0
S01600,0.5,0.0,0
S01601,0.5,0.0,0
S01608,0.5,0.0,0
S01616,0.5,0.0,0
S01618,0.5,0.0,0
S01619,0.5,0.0,0
S01622,0.5,0.0,0
S01625,0.5,0.0,0
S01626,0.5,0.0,0
S01627,0.5,0.0,0
S01631,0.5,0.0,0
S01639,0.5,0.0,0
S01642,0.5,0.0,0
S01644,0.5,0.0,0
S01650,0.5,0.0,0
S01651,0.5,0.0,0
S01654,0.5,0.0,0
S01658,0.5,0.0,0
S01659,0.5,0.0,0
S01660,0.5,0.0,0
S01663,0.5,0.0,0
S01667,0.5,0.0,0
S01675,0.5,0.0,0
S01676,0.5,0.0,0
S01679,0.5,0.0,0
S01683,0.5,0.0,0
S01686,0.5,0.0,0
S01687,0.5,0.0,0
S01688,0.5,0.0,0
S01691,0.5,0.0,0
S01692,0.5,0.0,0
S01694,0.5,0.0,0
S01695,0.5,0.0,0
S01697,0.5,0.0,0
S01698,0.5,0.0,0
S01703,0.5,0.0,0
S01705,0.5,0.0,0
S01708,0.5,0.0,0
S01709,0.5,0.0,0
S01710,0.5,0.0,0
S01711,0.5,0.0,0
S01714,0.5,0.0,0
S01717,0.5,0.0,0
S01719,0.5,0.0,0
S01725,0.5,0.0,0
S01726,0.5,0.0,0
S01734,0.5,0.0,0
S01735,0.5,0.0,0
S01736,0.5,0.0,0
S01738,0.5,0.0,0
S01743,0.5,0.0,0
S01745,0.5,0.0,0
S01746,0.5,0.0,0
S01747,0.5,0.0,0
S01751,0.5,0.0,0
S01753,0.5,0.0,0
S01754,0.5,0.0,0
S01755,0.5,0.0,0
S01756,0.5,0.0,0
S01758,0.5,0.0,0
S01760,0.5,0.0,0
S01763,0.5,0.0,0
S01764,0.5,0.0,0
S01767,0.5,0.0,0
S01770,0.5,0.0,0
S01773,0.5,0.0,0
S01774,0.5,0.0,0
S01777,0.5,0.0,0
S01779,0.5,0.0,0
S01781,0.5,0.0,0
S01787,0.5,0.0,0
S01788,0.5,0.0,0
S01791,0.5,0.0,0
S01794,0.5,0.0,0
S01797,0.5,0.0,0
S01798,0.5,0.0,0
S01807,0.5,0.0,0
S01810,0.5,0.0,0
S01811,0.5,0.0,0
S01812,0.5,0.0,0
S01813,0.5,0.0,0
S01818,0.5,0.0,0
S01822,0.5,0.0,0
S01824,0.5,0.0,0
S01834,0.5,0.0,0
S01835,0.5,0.0,0
S01836,0.5,0.0,0
S01837,0.5,0.0,0
S01841,0.5,0.0,0
S01848,0.5,0.0,0
S01852,0.5,0.0,0
S01855,0.5,0.0,0
S01862,0.5,0.0,0
S01863,0.5,0.0,0
S01864,0.5,0.0,0
S01870,0.5,0.0,0
S01875,0.5,0.0,0
S01878,0.5,0.0,0
S01879,0.5,0.0,0
S01883,0.5,0.0,0
S01884,0.5,0.0,0
S01887,0.5,0.0,0
S01891,0.5,0.0,0
S01894,0.5,0.0,0
S01899,0.5,0.0,0
S01901,0.5,0.0,0
S01906,0.5,0.0,0
S01907,0.5,0.0,0
S01909,0.5,0.0,0
S01910,0.5,0.0,0
S01911,0.5,0.0,0
S01913,0.5,0.0,0
S01914,0.5,0.0,0
S01917,0.5,0.0,0
S01922,0.5,0.0,0
S01924,0.5,0.0,0
S01928,0.5,0.0,0
S01929,0.5,0.0,0
S01933,0.5,0.0,0
S01935,0.5,0.0,0
S01936,0.5,0.0,0
S01938,0.5,0.0,0
S01939,0.5,0.0,0
S01940,0.5,0.0,0
S01942,0.5,0.0,0
S01943,0.5,0.0,0
S01947,0.5,0.0,0
S01949,0.5,0.0,0
S01951,0.5,0.0,0
S01952,0.5,0.0,0
S01953,0.5,0.0,0
S01956,0.5,0.0,0
S01957,0.5,0.0,0
S01958,0.5,0.0,0
S01959,0.5,0.0,0
S01963,0.5,0.0,0
S01964,0.5,0.0,0
S01965,0.5,0.0,0
S01968,0.5,0.0,0
S01970,0.5,0.0,0
S01971,0.5,0.0,0
S01972,0.5,0.0,0
S01974,0.5,0.0,0
S01975,0.5,0.0,0
S01976,0.5,0.0,0
S01977,0.5,0.0,0
S01978,0.5,0.0,0
S01979,0.5,0.0,0
S01986,0.5,0.0,0
S01987,0.5,0.0,0
S01993,0.5,0.0,0
S01997,0.5,0.0,0
S01999,0.5,0.0,0
S02002,0.5,0.0,0
S02003,0.5,0.0,0
S02004,0.5,0.0,0
S02007,0.5,0.0,0
S02010,0.5,0.0,0
S02014,0.5,0.0,0
S02015,0.5,0.0,0
S02016,0.5,0.0,0
S02019,0.5,0.0,0
S02022,0.5,0.0,0
S02025,0.5,0.0,0
S02027,0.5,0.0,0
S02028,0.5,0.0,0
S02029,0.5,0.0,0
S02030,0.5,0.0,0
S02031,0.5,0.0,0
S02032,0.5,0.0,0
S02033,0.5,0.0,0
S02035,0.5,0.0,0
S02038,0.5,0.0,0
S02039,0.5,0.0,0
S02041,0.5,0.0,0
S02043,0.5,0.0,0
S02044,0.5,0.0,0
S02049,0.5,0.0,0
S02052,0.5,0.0,0
S02056,0.5,0.0,0
S02058,0.5,0.0,0
S02059,0.5,0.0,0
S02060,0.5,0.0,0
S02070,0.5,0.0,0
S02071,0.5,0.0,0
S02076,0.5,0.0,0
S02081,0.5,0.0,0
S02087,0.5,0.0,0
S02088,0.5,0.0,0
S02093,0.5,0.0,0
S02110,0.5,0.0,0
S02115,0.5,0.0,0
S02118,0.5,0.0,0
S02122,0.5,0.0,0
S02124,0.5,0.0,0
S02129,0.5,0.0,0
S02132,0.5,0.0,0
S02133,0.5,0.0,0
S02134,0.5,0.0,0
S02136,0.5,0.0,0
S02137,0.5,0.0,0
S02140,0.5,0.0,0
S02142,0.5,0.0,0
S02148,0.5,0.0,0
S02149,0.5,0.0,0
S02150,0.5,0.0,0
S02151,0.5,0.0,0
S02152,0.5,0.0,0
S02153,0.5,0.0,0
S02157,0.5,0.0,0
S02158,0.5,0.0,0
S02159,0.5,0.0,0
S02161,0.5,0.0,0
S02162,0.5,0.0,0
S02164,0.5,0.0,0
S02165,0.5,0.0,0
S02168,0.5,0.0,0
S02173,0.5,0.0,0
S02177,0.5,0.0,0
S02178,0.5,0.0,0
S02182,0.5,0.0,0
S02183,0.5,0.0,0
S02186,0.5,0.0,0
S02187,0.5,0.0,0
S02188,0.5,0.0,0
S02189,0.5,0.0,0
S02190,0.5,0.0,0
S02192,0.5,0.0,0
S02197,0.5,0.0,0
S02199,0.5,0.0,0
S02200,0.5,0.0,0
S02201,0.5,0.0,0
S02202,0.5,0.0,0
S02203,0.5,0.0,0
S02207,0.5,0.0,0
S02213,0.5,0.0,0
S02216,0.5,0.0,0
S02217,0.5,0.0,0
S02219,0.5,0.0,0
S02224,0.5,0.0,0
S02226,0.5,0.0,0
S02227,0.5,0.0,0
S02229,0.5,0.0,0
S02230,0.5,0.0,0
S02231,0.5,0.0,0
S02232,0.5,0.0,0
S02235,0.5,0.0,0
S02237,0.5,0.0,0
S02238,0.5,0.0,0
S02239,0.5,0.0,0
S02241,0.5,0.0,0
S02242,0.5,0.0,0
S02247,0.5,0.0,0
S02248,0.5,0.0,0
S02251,0.5,0.0,0
S02253,0.5,0.0,0
S02254,0.5,0.0,0
S02255,0.5,0.0,0
S02256,0.5,0.0,0
S02259,0.5,0.0,0
S02260,0.5,0.0,0
S02261,0.5,0.0,0
S02262,0.5,0.0,0
S02264,0.5,0.0,0
S02266,0.5,0.0,0
S02270,0.5,0.0,0
S02273,0.5,0.0,0
S02276,0.5,0.0,0
S02277,0.5,0.0,0
S02278,0.5,0.0,0
S02282,0.5,0.0,0
S02284,0.5,0.0,0
S02286,0.5,0.0,0
S02287,0.5,0.0,0
S02290,0.5,0.0,0
S02291,0.5,0.0,0
S02293,0.5,0.0,0
S02297,0.5,0.0,0
S02303,0.5,0.0,0
S02305,0.5,0.0,0
S02306,0.5,0.0,0
S02308,0.5,0.0,0
S02317,0.5,0.0,0
S02318,0.5,0.0,0
S02319,0.5,0.0,0
S02321,0.5,0.0,0
S02322,0.5,0.0,0
S02323,0.5,0.0,0
S02326,0.5,0.0,0
S02327,0.5,0.0,0
S02328,0.5,0.0,0
S02329,0.5,0.0,0
S02332,0.5,0.0,0
S02336,0.5,0.0,0
S02343,0.5,0.0,0
S02344,0.5,0.0,0
S02346,0.5,0.0,0
S02347,0.5,0.0,0
S02348,0.5,0.0,0
S02349,0.5,0.0,0
S02350,0.5,0.0,0
S02351,0.5,0.0,0
S02355,0.5,0.0,0
S02356,0.5,0.0,0
S02357,0.5,0.0,0
S02360,0.5,0.0,0
S02361,0.5,0.0,0
S02362,0.5,0.0,0
S02363,0.5,0.0,0
S02368,0.5,0.0,0
S02370,0.5,0.0,0
S02371,0.5,0.0,0
S02380,0.5,0.0,0
S02382,0.5,0.0,0
S02384,0.5,0.0,0
S02389,0.5,0.0,0
S02394,0.5,0.0,0
S02395,0.5,0.0,0
S02398,0.5,0.0,0
S02399,0.5,0.0,0
S02400,0.5,0.0,0
S02401,0.5,0.0,0
S02403,0.5,0.0,0
S02406,0.5,0.0,0
S02408,0.5,0.0,0
S02411,0.5,0.0,0
S02413,0.5,0.0,0
S02414,0.5,0.0,0
S02418,0.5,0.0,0
S02421,0.5,0.0,0
S02422,0.5,0.0,0
S02424,0.5,0.0,0
S02432,0.5,0.0,0
S02434,0.5,0.0,0
S02436,0.5,0.0,0
S02437,0.5,0.0,0
S02438,0.5,0.0,0
S02443,0.5,0.0,0
S02445,0.5,0.0,0
S02447,0.5,0.0,0
S02451,0.5,0.0,0
S02452,0.5,0.0,0
S02454,0.5,0.0,0
S02459,0.5,0.0,0
S02461,0.5,0.0,0
S02462,0.5,0.0,0
S02463,0.5,0.0,0
S02467,0.5,0.0,0
S02468,0.5,0.0,0
S02469,0.5,0.0,0
S02470,0.5,0.0,0
S02473,0.5,0.0,0
S02475,0.5,0.0,0
S02478,0.5,0.0,0
S02480,0.5,0.0,0
S02481,0.5,0.0,0
S02482,0.5,0.0,0
S02484,0.5,0.0,0
S02485,0.5,0.0,0
S02487,0.5,0.0,0
S02491,0.5,0.0,0
S02495,0.5,0.0,0
S02496,0.5,0.0,0
S02497,0.5,0.0,0
S02499,0.5,0.0,0
S02500,0.5,0.0,0
S02501,0.5,0.0,0
S02503,0.5,0.0,0
S02506,0.5,0.0,0
S02509,0.5,0.0,0
S02515,0.5,0.0,0
S02516,0.5,0.0,0
S02518,0.5,0.0,0
S02520,0.5,0.0,0
S02521,0.5,0.0,0
S02525,0.5,0.0,0
S02527,0.5,0.0,0
S02529,0.5,0.0,0
S02530,0.5,0.0,0
S02531,0.5,0.0,0
S02532,0.5,0.0,0
S02533,0.5,0.0,0
S02535,0.5,0.0,0
S02536,0.5,0.0,0
S02537,0.5,0.0,0
S02538,0.5,0.0,0
S02539,0.5,0.0,0
S02541,0.5,0.0,0
S02544,0.5,0.0,0
S02546,0.5,0.0,0
S02547,0.5,0.0,0
S02549,0.5,0.0,0
S02550,0.5,0.0,0
S02554,0.5,0.0,0
S02555,0.5,0.0,0
S02557,0.5,0.0,0
S02559,0.5,0.0,0
S02560,0.5,0.0,0
S02565,0.5,0.0,0
S02570,0.5,0.0,0
S02575,0.5,0.0,0
S02583,0.5,0.0,0
S02590,0.5,0.0,0
S02594,0.5,0.0,0
S02595,0.5,0.0,0
S02596,0.5,0.0,0
S02598,0.5,0.0,0
S02601,0.5,0.0,0
S02602,0.5,0.0,0
S02604,0.5,0.0,0
S02606,0.5,0.0,0
S02607,0.5,0.0,0
S02611,0.5,0.0,0
S02612,0.5,0.0,0
S02618,0.5,0.0,0
S02620,0.5,0.0,0
S02621,0.5,0.0,0
S02623,0.5,0.0,0
S02625,0.5,0.0,0
S02627,0.5,0.0,0
S02628,0.5,0.0,0
S02629,0.5,0.0,0
S02633,0.5,0.0,0
S02635,0.5,0.0,0
S02639,0.5,0.0,0
S02640,0.5,0.0,0
S02641,0.5,0.0,0
S02644,0.5,0.0,0
S02646,0.5,0.0,0
S02649,0.5,0.0,0
S02650,0.5,0.0,0
S02652,0.5,0.0,0
S02654,0.5,0.0,0
S02663,0.5,0.0,0
S02664,0.5,0.0,0
S02665,0.5,0.0,0
S02671,0.5,0.0,0
S02677,0.5,0.0,0
S02679,0.5,0.0,0
S02680,0.5,0.0,0
S02681,0.5,0.0,0
S02682,0.5,0.0,0
S02683,0.5,0.0,0
S02688,0.5,0.0,0
S02689,0.5,0.0,0
S02690,0.5,0.0,0
S02691,0.5,0.0,0
S02693,0.5,0.0,0
S02697,0.5,0.0,0
S02698,0.5,0.0,0
S02700,0.5,0.0,0
S02704,0.5,0.0,0
S02706,0.5,0.0,0
S02711,0.5,0.0,0
S02712,0.5,0.0,0
S02714,0.5,0.0,0
S02715,0.5,0.0,0
S02717,0.5,0.0,0
S02718,0.5,0.0,0
S02721,0.5,0.0,0
S02722,0.5,0.0,0
S02723,0.5,0.0,0
S02724,0.5,0.0,0
S02726,0.5,0.0,0
S02728,0.5,0.0,0
S02731,0.5,0.0,0
S02739,0.5,0.0,0
S02741,0.5,0.0,0
S02742,0.5,0.0,0
S02744,0.5,0.0,0
S02745,0.5,0.0,0
S02746,0.5,0.0,0
S02749,0.5,0.0,0
S02750,0.5,0.0,0
S02751,0.5,0.0,0
S02753,0.5,0.0,0
S02754,0.5,0.0,0
S02761,0.5,0.0,0
S02763,0.5,0.0,0
S02766,0.5,0.0,0
S02770,0.5,0.0,0
S02772,0.5,0.0,0
S02773,0.5,0.0,0
S02776,0.5,0.0,0
S02783,0.5,0.0,0
S02786,0.5,0.0,0
S02791,0.5,0.0,0
S02792,0.5,0.0,0
S02793,0.5,0.0,0
S02794,0.5,0.0,0
S02795,0.5,0.0,0
S02797,0.5,0.0,0
S02800,0.5,0.0,0
S02801,0.5,0.0,0
S02803,0.5,0.0,0
S02804,0.5,0.0,0
S02807,0.5,0.0,0
S02808,0.5,0.0,0
S02810,0.5,0.0,0
S02814,0.5,0.0,0
S02816,0.5,0.0,0
S02822,0.5,0.0,0
S02823,0.5,0.0,0
S02827,0.5,0.0,0
S02828,0.5,0.0,0
S02833,0.5,0.0,0
S02834,0.5,0.0,0
S02837,0.5,0.0,0
S02840,0.5,0.0,0
S02846,0.5,0.0,0
S02848,0.5,0.0,0
S02850,0.5,0.0,0
S02854,0.5,0.0,0
S02857,0.5,0.0,0
S02858,0.5,0.0,0
S02859,0.5,0.0,0
S02862,0.5,0.0,0
S02863,0.5,0.0,0
S02867,0.5,0.0,0
S02871,0.5,0.0,0
S02874,0.5,0.0,0
S02875,0.5,0.0,0
S02877,0.5,0.0,0
S02879,0.5,0.0,0
S02882,0.5,0.0,0
S02883,0.5,0.0,0
S02884,0.5,0.0,0
S02887,0.5,0.0,0
S02889,0.5,0.0,0
S02890,0.5,0.0,0
S02893,0.5,0.0,0
S02894,0.5,0.0,0
S02895,0.5,0.0,0
S02896,0.5,0.0,0
S02897,0.5,0.0,0
S02898,0.5,0.0,0
S02902,0.5,0.0,0
S02904,0.5,0.0,0
S02906,0.5,0.0,0
S02909,0.5,0.0,0
S02910,0.5,0.0,0
S02913,0.5,0.0,0
S02918,0.5,0.0,0
S02923,0.5,0.0,0
S02926,0.5,0.0,0
S02927,0.5,0.0,0
S02929,0.5,0.0,0
S02930,0.5,0.0,0
S02931,0.5,0.0,0
S02932,0.5,0.0,0
S02935,0.5,0.0,0
S02937,0.5,0.0,0
S02939,0.5,0.0,0
S02941,0.5,0.0,0
S02943,0.5,0.0,0
S02944,0.5,0.0,0
S02945,0.5,0.0,0
S02947,0.5,0.0,0
S02949,0.5,0.0,0
S02954,0.5,0.0,0
S02958,0.5,0.0,0
S02959,0.5,0.0,0
S02960,0.5,0.0,0
S02966,0.5,0.0,0
S02969,0.5,0.0,0
S02970,0.5,0.0,0
S02978,0.5,0.0,0
S02981,0.5,0.0,0
S02983,0.5,0.0,0
S02989,0.5,0.0,0
S02990,0.5,0.0,0
S02992,0.5,0.0,0
S02995,0.5,0.0,0
S03001,0.5,0.0,0
S03002,0.5,0.0,0
S03011,0.5,0.0,0
S03012,0.5,0.0,0
S03014,0.5,0.0,0
S03015,0.5,0.0,0
S03016,0.5,0.0,0
S03019,0.5,0.0,0
S03022,0.5,0.0,0
S03023,0.5,0.0,0
S03025,0.5,0.0,0
S03027,0.5,0.0,0
S03029,0.5,0.0,0
S03032,0.5,0.0,0
S03036,0.5,0.0,0
S03037,0.5,0.0,0
S03039,0.5,0.0,0
S03042,0.5,0.0,0
S03048,0.5,0.0,0
S03050,0.5,0.0,0
S03053,0.5,0.0,0
S03054,0.5,0.0,0
S03056,0.5,0.0,0
S03058,0.5,0.0,0
S03065,0.5,0.0,0
S03069,0.5,0.0,0
S03074,0.5,0.0,0
S03076,0.5,0.0,0
S03077,0.5,0.0,0
S03080,0.5,0.0,0
S03083,0.5,0.0,0
S03084,0.5,0.0,0
S03086,0.5,0.0,0
S03087,0.5,0.0,0
S03089,0.5,0.0,0
S03091,0.5,0.0,0
S03092,0.5,0.0,0
S03093,0.5,0.0,0
S03095,0.5,0.0,0
S03099,0.5,0.0,0
S03101,0.5,0.0,0
S03106,0.5,0.0,0
S03108,0.5,0.0,0
S03110,0.5,0.0,0
S03114,0.5,0.0,0
S03116,0.5,0.0,0
S03117,0.5,0.0,0
S03119,0.5,0.0,0
S03120,0.5,0.0,0
S03123,0.5,0.0,0
S03127,0.5,0.0,0
S03131,0.5,0.0,0
S03134,0.5,0.0,0
S03135,0.5,0.0,0
S03136,0.5,0.0,0
S03139,0.5,0.0,0
S03140,0.5,0.0,0
S03141,0.5,0.0,0
S03142,0.5,0.0,0
S03143,0.5,0.0,0
S03145,0.5,0.0,0
S03146,0.5,0.0,0
S03149,0.5,0.0,0
S03150,0.5,0.0,0
S03152,0.5,0.0,0
S03154,0.5,0.0,0
S03157,0.5,0.0,0
S03160,0.5,0.0,0
S03161,0.5,0.0,0
S03162,0.5,0.0,0
S03163,0.5,0.0,0
S03165,0.5,0.0,0
S03166,0.5,0.0,0
S03167,0.5,0.0,0
S03168,0.5,0.0,0
S03172,0.5,0.0,0
S03174,0.5,0.0,0
S03179,0.5,0.0,0
S03180,0.5,0.0,0
S03187,0.5,0.0,0
S03192,0.5,0.0,0
S03195,0.5,0.0,0
S03201,0.5,0.0,0
S03202,0.5,0.0,0
S03204,0.5,0.0,0
S03205,0.5,0.0,0
S03206,0.5,0.0,0
S03209,0.5,0.0,0
S03210,0.5,0.0,0
S03211,0.5,0.0,0
S03213,0.5,0.0,0
S03215,0.5,0.0,0
S03218,0.5,0.0,0
S03220,0.5,0.0,0
S03226,0.5,0.0,0
S03231,0.5,0.0,0
S03237,0.5,0.0,0
S03240,0.5,0.0,0
S03244,0.5,0.0,0
S03245,0.5,0.0,0
S03246,0.5,0.0,0
S03247,0.5,0.0,0
S03248,0.5,0.0,0
S03250,0.5,0.0,0
S03252,0.5,0.0,0
S03253,0.5,0.0,0
S03256,0.5,0.0,0
S03258,0.5,0.0,0
S03260,0.5,0.0,0
S03264,0.5,0.0,0
S03265,0.5,0.0,0
S03267,0.5,0.0,0
S03268,0.5,0.0,0
S03270,0.5,0.0,0
S03275,0.5,0.0,0
S03278,0.5,0.0,0
S03281,0.5,0.0,0
S03289,0.5,0.0,0
S03290,0.5,0.0,0
S03292,0.5,0.0,0
S03296,0.5,0.0,0
S03298,0.5,0.0,0
S03301,0.5,0.0,0
S03302,0.5,0.0,0
S03304,0.5,0.0,0
S03307,0.5,0.0,0
S03309,0.5,0.0,0
S03314,0.5,0.0,0
S03316,0.5,0.0,0
S03318,0.5,0.0,0
S03321,0.5,0.0,0
S03325,0.5,0.0,0
S03328,0.5,0.0,0
S03330,0.5,0.0,0
S03332,0.5,0.0,0
S03338,0.5,0.0,0
S03342,0.5,0.0,0
S03343,0.5,0.0,0
S03347,0.5,0.0,0
S03348,0.5,0.0,0
S03352,0.5,0.0,0
S03356,0.5,0.0,0
S03357,0.5,0.0,0
S03358,0.5,0.0,0
S03359,0.5,0.0,0
S03361,0.5,0.0,0
S03362,0.5,0.0,0
S03366,0.5,0.0,0
S03368,0.5,0.0,0
S03373,0.5,0.0,0
S03378,0.5,0.0,0
S03380,0.5,0.0,0
S03386,0.5,0.0,0
S03390,0.5,0.0,0
S03391,0.5,0.0,0
S03394,0.5,0.0,0
S03395,0.5,0.0,0
S03396,0.5,0.0,0
S03398,0.5,0.0,0
S03404,0.5,0.0,0
S03409,0.5,0.0,0
S03411,0.5,0.0,0
S03415,0.5,0.0,0
S03417,0.5,0.0,0
S03418,0.5,0.0,0
S03423,0.5,0.0,0
S03424,0.5,0.0,0
S03425,0.5,0.0,0
S03426,0.5,0.0,0
S03430,0.5,0.0,0
S03431,0.5,0.0,0
S03432,0.5,0.0,0
S03433,0.5,0.0,0
S03439,0.5,0.0,0
S03442,0.5,0.0,0
S03448,0.5,0.0,0
S03451,0.5,0.0,0
S03452,0.5,0.0,0
S03455,0.5,0.0,0
S03459,0.5,0.0,0
S03466,0.5,0.0,0
S03469,0.5,0.0,0
S03471,0.5,0.0,0
S03472,0.5,0.0,0
S03474,0.5,0.0,0
S03478,0.5,0.0,0
S03479,0.5,0.0,0
S03480,0.5,0.0,0
S03482,0.5,0.0,0
S03483,0.5,0.0,0
S03485,0.5,0.0,0
S03486,0.5,0.0,0
S03487,0.5,0.0,0
S03494,0.5,0.0,0
S03495,0.5,0.0,0
S03498,0.5,0.0,0
S03502,0.5,0.0,0
S03504,0.5,0.0,0
S03505,0.5,0.0,0
S03507,0.5,0.0,0
S03510,0.5,0.0,0
S03512,0.5,0.0,0
S03513,0.5,0.0,0
S03516,0.5,0.0,0
S03518,0.5,0.0,0
S03520,0.5,0.0,0
S03521,0.5,0.0,0
S03523,0.5,0.0,0
S03525,0.5,0.0,0
S03528,0.5,0.0,0
S03531,0.5,0.0,0
S03533,0.5,0.0,0
S03535,0.5,0.0,0
S03540,0.5,0.0,0
S03541,0.5,0.0,0
S03543,0.5,0.0,0
S03544,0.5,0.0,0
S03545,0.5,0.0,0
S03548,0.5,0.0,0
S03554,0.5,0.0,0
S03558,0.5,0.0,0
S03559,0.5,0.0,0
S03560,0.5,0.0,0
S03561,0.5,0.0,0
S03562,0.5,0.0,0
S03563,0.5,0.0,0
S03565,0.5,0.0,0
S03568,0.5,0.0,0
S03572,0.5,0.0,0
S03573,0.5,0.0,0
S03574,0.5,0.0,0
S03578,0.5,0.0,0
S03579,0.5,0.0,0
S03586,0.5,0.0,0
S03587,0.5,0.0,0
S03589,0.5,0.0,0
S03599,0.5,0.0,0
S03601,0.5,0.0,0
S03605,0.5,0.0,0
S03606,0.5,0.0,0
S03610,0.5,0.0,0
S03616,0.5,0.0,0
S03618,0.5,0.0,0
S03619,0.5,0.0,0
S03620,0.5,0.0,0
S03628,0.5,0.0,0
S03633,0.5,0.0,0
S03635,0.5,0.0,0
S03636,0.5,0.0,0
S03639,0.5,0.0,0
S03644,0.5,0.0,0
S03645,0.5,0.0,0
S03646,0.5,0.0,0
S03647,0.5,0.0,0
S03649,0.5,0.0,0
S03652,0.5,0.0,0
S03657,0.5,0.0,0
S03660,0.5,0.0,0
S03661,0.5,0.0,0
S03662,0.5,0.0,0
S03664,0.5,0.0,0
S03666,0.5,0.0,0
S03667,0.5,0.0,0
S03669,0.5,0.0,0
S03671,0.5,0.0,0
S03673,0.5,0.0,0
S03677,0.5,0.0,0
S03681,0.5,0.0,0
S03682,0.5,0.0,0
S03683,0.5,0.0,0
S03684,0.5,0.0,0
S03685,0.5,0.0,0
S03687,0.5,0.0,0
S03688,0.5,0.0,0
S03689,0.5,0.0,0
S03693,0.5,0.0,0
S03695,0.5,0.0,0
S03696,0.5,0.0,0
S03699,0.5,0.0,0
S03700,0.5,0.0,0
S03703,0.5,0.0,0
S03705,0.5,0.0,0
S03706,0.5,0.0,0
S03707,0.5,0.0,0
S03708,0.5,0.0,0
S03709,0.5,0.0,0
S03710,0.5,0.0,0
S03713,0.5,0.0,0
S03716,0.5,0.0,0
S03718,0.5,0.0,0
S03719,0.5,0.0,0
S03720,0.5,0.0,0
S03721,0.5,0.0,0
S03722,0.5,0.0,0
S03725,0.5,0.0,0
S03726,0.5,0.0,0
S03728,0.5,0.0,0
S03729,0.5,0.0,0
S03732,0.5,0.0,0
S03733,0.5,0.0,0
S03740,0.5,0.0,0
S03742,0.5,0.0,0
S03744,0.5,0.0,0
S03745,0.5,0.0,0
S03749,0.5,0.0,0
S03753,0.5,0.0,0
S03758,0.5,0.0,0
S03759,0.5,0.0,0
S03763,0.5,0.0,0
S03764,0.5,0.0,0
S03765,0.5,0.0,0
S03768,0.5,0.0,0
S03769,0.5,0.0,0
S03772,0.5,0.0,0
S03773,0.5,0.0,0
S03774,0.5,0.0,0
S03776,0.5,0.0,0
S03777,0.5,0.0,0
S03786,0.5,0.0,0
S03788,0.5,0.0,0
S03791,0.5,0.0,0
S03792,0.5,0.0,0
S03795,0.5,0.0,0
S03797,0.5,0.0,0
S03804,0.5,0.0,0
S03805,0.5,0.0,0
S03807,0.5,0.0,0
S03808,0.5,0.0,0
S03817,0.5,0.0,0
S03818,0.5,0.0,0
S03819,0.5,0.0,0
S03820,0.5,0.0,0
S03822,0.5,0.0,0
S03823,0.5,0.0,0
S03824,0.5,0.0,0
S03826,0.5,0.0,0
S03832,0.5,0.0,0
S03833,0.5,0.0,0
S03835,0.5,0.0,0
S03836,0.5,0.0,0
S03838,0.5,0.0,0
S03839,0.5,0.0,0
S03844,0.5,0.0,0
S03846,0.5,0.0,0
S03849,0.5,0.0,0
S03850,0.5,0.0,0
S03854,0.5,0.0,0
S03856,0.5,0.0,0
S03862,0.5,0.0,0
S03863,0.5,0.0,0
S03864,0.5,0.0,0
S03867,0.5,0.0,0
S03871,0.5,0.0,0
S03873,0.5,0.0,0
S03874,0.5,0.0,0
S03876,0.5,0.0,0
S03883,0.5,0.0,0
S03884,0.5,0.0,0
S03885,0.5,0.0,0
S03887,0.5,0.0,0
S03890,0.5,0.0,0
S03893,0.5,0.0,0
S03895,0.5,0.0,0
S03898,0.5,0.0,0
S03901,0.5,0.0,0
S03903,0.5,0.0,0
S03904,0.5,0.0,0
S03905,0.5,0.0,0
S03908,0.5,0.0,0
S03910,0.5,0.0,0
S03915,0.5,0.0,0
S03916,0.5,0.0,0
S03918,0.5,0.0,0
S03919,0.5,0.0,0
S03923,0.5,0.0,0
S03925,0.5,0.0,0
S03928,0.5,0.0,0
S03929,0.5,0.0,0
S03931,0.5,0.0,0
S03933,0.5,0.0,0
S03934,0.5,0.0,0
S03937,0.5,0.0,0
S03939,0.5,0.0,0
S03946,0.5,0.0,0
S03948,0.5,0.0,0
S03951,0.5,0.0,0
S03954,0.5,0.0,0
S03955,0.5,0.0,0
S03956,0.5,0.0,0
S03957,0.5,0.0,0
S03960,0.5,0.0,0
S03961,0.5,0.0,0
S03962,0.5,0.0,0
S03963,0.5,0.0,0
S03965,0.5,0.0,0
S03966,0.5,0.0,0
S03967,0.5,0.0,0
S03968,0.5,0.0,0
S03973,0.5,0.0,0
S03977,0.5,0.0,0
S03978,0.5,0.0,0
S03982,0.5,0.0,0
S03986,0.5,0.0,0
S03987,0.5,0.0,0
S03989,0.5,0.0,0
S03992,0.5,0.0,0
S03996,0.5,0.0,0
S03999,0.5,0.0,0
S04000,0.5,0.0,0
S04010,0.5,0.0,0
S04011,0.5,0.0,0
S04012,0.5,0.0,0
S04013,0.5,0.0,0
S04020,0.5,0.0,0
S04021,0.5,0.0,0
S04022,0.5,0.0,0
S04024,0.5,0.0,0
S04027,0.5,0.0,0
S04028,0.5,0.0,0
S04032,0.5,0.0,0
S04038,0.5,0.0,0
S04041,0.5,0.0,0
S04042,0.5,0.0,0
S04049,0.5,0.0,0
S04055,0.5,0.0,0
S04059,0.5,0.0,0
S04066,0.5,0.0,0
S04069,0.5,0.0,0
S04070,0.5,0.0,0
S04071,0.5,0.0,0
S04084,0.5,0.0,0
S04088,0.5,0.0,0
S04091,0.5,0.0,0
S04092,0.5,0.0,0
S04093,0.5,0.0,0
S04094,0.5,0.0,0
S04096,0.5,0.0,0
S04097,0.5,0.0,0
S04102,0.5,0.0,0
S04103,0.5,0.0,0
S04105,0.5,0.0,0
S04107,0.5,0.0,0
S04108,0.5,0.0,0
S04111,0.5,0.0,0
S04113,0.5,0.0,0
S04114,0.5,0.0,0
S04115,0.5,0.0,0
S04116,0.5,0.0,0
S04119,0.5,0.0,0
S04120,0.5,0.0,0
S04122,0.5,0.0,0
S04124,0.5,0.0,0
S04125,0.5,0.0,0
S04127,0.5,0.0,0
S04132,0.5,0.0,0
S04134,0.5,0.0,0
S04136,0.5,0.0,0
S04138,0.5,0.0,0
S04140,0.5,0.0,0
S04141,0.5,0.0,0
S04142,0.5,0.0,0
S04144,0.5,0.0,0
S04146,0.5,0.0,0
S04147,0.5,0.0,0
S04148,0.5,0.0,0
S04149,0.5,0.0,0
S04151,0.5,0.0,0
S04152,0.5,0.0,0
S04156,0.5,0.0,0
S04161,0.5,0.0,0
S04164,0.5,0.0,0
S04170,0.5,0.0,0
S04172,0.5,0.0,0
S04177,0.5,0.0,0
S04178,0.5,0.0,0
S04180,0.5,0.0,0
S04186,0.5,0.0,0
S04187,0.5,0.0,0
S04190,0.5,0.0,0
S04193,0.5,0.0,0
S04194,0.5,0.0,0
S04205,0.5,0.0,0
S04206,0.5,0.0,0
S04210,0.5,0.0,0
S04211,0.5,0.0,0
S04212,0.5,0.0,0
S04213,0.5,0.0,0
S04215,0.5,0.0,0
S04219,0.5,0.0,0
S04222,0.5,0.0,0
S04223,0.5,0.0,0
S04225,0.5,0.0,0
S04229,0.5,0.0,0
S04233,0.5,0.0,0
S04236,0.5,0.0,0
S04238,0.5,0.0,0
S04240,0.5,0.0,0
S04244,0.5,0.0,0
S04246,0.5,0.0,0
S04247,0.5,0.0,0
S04248,0.5,0.0,0
S04252,0.5,0.0,0
S04253,0.5,0.0,0
S04256,0.5,0.0,0
S04258,0.5,0.0,0
S04265,0.5,0.0,0
S04266,0.5,0.0,0
S04273,0.5,0.0,0
S04275,0.5,0.0,0
S04276,0.5,0.0,0
S04282,0.5,0.0,0
S04283,0.5,0.0,0
S04284,0.5,0.0,0
S04285,0.5,0.0,0
S04286,0.5,0.0,0
S04297,0.5,0.0,0
S04301,0.5,0.0,0
S04303,0.5,0.0,0
S04307,0.5,0.0,0
S04309,0.5,0.0,0
S04310,0.5,0.0,0
S04317,0.5,0.0,0
S04318,0.5,0.0,0
S04320,0.5,0.0,0
S04324,0.5,0.0,0
S04325,0.5,0.0,0
S04327,0.5,0.0,0
S04328,0.5,0.0,0
S04330,0.5,0.0,0
S04331,0.5,0.0,0
S04341,0.5,0.0,0
S04342,0.5,0.0,0
S04343,0.5,0.0,0
S04346,0.5,0.0,0
S04347,0.5,0.0,0
S04348,0.5,0.0,0
S04349,0.5,0.0,0
S04351,0.5,0.0,0
S04354,0.5,0.0,0
S04358,0.5,0.0,0
S04360,0.5,0.0,0
S04363,0.5,0.0,0
S04366,0.5,0.0,0
S04368,0.5,0.0,0
S04370,0.5,0.0,0
S04372,0.5,0.0,0
S04381,0.5,0.0,0
S04383,0.5,0.0,0
S04385,0.5,0.0,0
S04386,0.5,0.0,0
S04388,0.5,0.0,0
S04392,0.5,0.0,0
S04393,0.5,0.0,0
S04395,0.5,0.0,0
S04396,0.5,0.0,0
S04405,0.5,0.0,0
S04406,0.5,0.0,0
S04408,0.5,0.0,0
S04409,0.5,0.0,0
S04412,0.5,0.0,0
S04413,0.5,0.0,0
S04422,0.5,0.0,0
S04425,0.5,0.0,0
S04426,0.5,0.0,0
S04427,0.5,0.0,0
S04430,0.5,0.0,0
S04435,0.5,0.0,0
S04436,0.5,0.0,0
S04437,0.5,0.0,0
S04439,0.5,0.0,0
S04440,0.5,0.0,0
S04441,0.5,0.0,0
S04447,0.5,0.0,0
S04449,0.5,0.0,0
S04450,0.5,0.0,0
S04454,0.5,0.0,0
S04457,0.5,0.0,0
S04460,0.5,0.0,0
S04464,0.5,0.0,0
S04466,0.5,0.0,0
S04467,0.5,0.0,0
S04469,0.5,0.0,0
S04474,0.5,0.0,0
S04476,0.5,0.0,0
S04481,0.5,0.0,0
S04482,0.5,0.0,0
S04483,0.5,0.0,0
S04486,0.5,0.0,0
S04487,0.5,0.0,0
S04489,0.5,0.0,0
S04490,0.5,0.0,0
S04492,0.5,0.0,0
S04493,0.5,0.0,0
S04494,0.5,0.0,0
S04495,0.5,0.0,0
S04500,0.5,0.0,0
S04507,0.5,0.0,0
S04510,0.5,0.0,0
S04515,0.5,0.0,0
S04517,0.5,0.0,0
S04520,0.5,0.0,0
S04521,0.5,0.0,0
S04525,0.5,0.0,0
S04527,0.5,0.0,0
S04531,0.5,0.0,0
S04532,0.5,0.0,0
S04533,0.5,0.0,0
S04535,0.5,0.0,0
S04542,0.5,0.0,0
S04544,0.5,0.0,0
S04556,0.5,0.0,0
S04557,0.5,0.0,0
S04560,0.5,0.0,0
S04562,0.5,0.0,0
S04563,0.5,0.0,0
S04566,0.5,0.0,0
S04568,0.5,0.0,0
S04571,0.5,0.0,0
S04575,0.5,0.0,0
S04577,0.5,0.0,0
S04578,0.5,0.0,0
S04579,0.5,0.0,0
S04580,0.5,0.0,0
S04581,0.5,0.0,0
S04582,0.5,0.0,0
S04584,0.5,0.0,0
S04586,0.5,0.0,0
S04590,0.5,0.0,0
S04593,0.5,0.0,0
S04594,0.5,0.0,0
S04595,0.5,0.0,0
S04597,0.5,0.0,0
S04601,0.5,0.0,0
S04602,0.5,0.0,0
S04604,0.5,0.0,0
S04605,0.5,0.0,0
S04606,0.5,0.0,0
S04608,0.5,0.0,0
S04609,0.5,0.0,0
S04612,0.5,0.0,0
S04615,0.5,0.0,0
S04617,0.5,0.0,0
S04618,0.5,0.0,0
S04620,0.5,0.0,0
S04625,0.5,0.0,0
S04626,0.5,0.0,0
S04627,0.5,0.0,0
S04628,0.5,0.0,0
S04629,0.5,0.0,0
S04630,0.5,0.0,0
S04632,0.5,0.0,0
S04636,0.5,0.0,0
S04639,0.5,0.0,0
S04640,0.5,0.0,0
S04641,0.5,0.0,0
S04647,0.5,0.0,0
S04648,0.5,0.0,0
S04651,0.5,0.0,0
S04652,0.5,0.0,0
S04658,0.5,0.0,0
S04659,0.5,0.0,0
S04663,0.5,0.0,0
S04666,0.5,0.0,0
S04670,0.5,0.0,0
S04671,0.5,0.0,0
S04675,0.5,0.0,0
S04676,0.5,0.0,0
S04679,0.5,0.0,0
S04682,0.5,0.0,0
S04685,0.5,0.0,0
S04686,0.5,0.0,0
S04690,0.5,0.0,0
S04691,0.5,0.0,0
S04694,0.5,0.0,0
S04701,0.5,0.0,0
S04702,0.5,0.0,0
S04703,0.5,0.0,0
S04705,0.5,0.0,0
S04706,0.5,0.0,0
S04710,0.5,0.0,0
S04711,0.5,0.0,0
S04714,0.5,0.0,0
S04716,0.5,0.0,0
S04719,0.5,0.0,0
S04721,0.5,0.0,0
S04722,0.5,0.0,0
S04724,0.5,0.0,0
S04725,0.5,0.0,0
S04728,0.5,0.0,0
S04729,0.5,0.0,0
S04732,0.5,0.0,0
S04734,0.5,0.0,0
S04735,0.5,0.0,0
S04738,0.5,0.0,0
S04739,0.5,0.0,0
S04741,0.5,0.0,0
S04745,0.5,0.0,0
S04748,0.5,0.0,0
S04750,0.5,0.0,0
S04751,0.5,0.0,0
S04754,0.5,0.0,0
S04761,0.5,0.0,0
S04762,0.5,0.0,0
S04763,0.5,0.0,0
S04764,0.5,0.0,0
S04765,0.5,0.0,0
S04769,0.5,0.0,0
S04772,0.5,0.0,0
S04774,0.5,0.0,0
S04776,0.5,0.0,0
S04780,0.5,0.0,0
S04784,0.5,0.0,0
S04788,0.5,0.0,0
S04790,0.5,0.0,0
S04791,0.5,0.0,0
S04793,0.5,0.0,0
S04794,0.5,0.0,0
S04795,0.5,0.0,0
S04796,0.5,0.0,0
S04799,0.5,0.0,0
S04805,0.5,0.0,0
S04807,0.5,0.0,0
S04809,0.5,0.0,0
S04810,0.5,0.0,0
S04811,0.5,0.0,0
S04814,0.5,0.0,0
S04815,0.5,0.0,0
S04817,0.5,0.0,0
S04819,0.5,0.0,0
S04820,0.5,0.0,0
S04821,0.5,0.0,0
S04824,0.5,0.0,0
S04829,0.5,0.0,0
S04834,0.5,0.0,0
S04838,0.5,0.0,0
S04839,0.5,0.0,0
S04842,0.5,0.0,0
S04846,0.5,0.0,0
S04849,0.5,0.0,0
S04852,0.5,0.0,0
S04855,0.5,0.0,0
S04856,0.5,0.0,0
S04858,0.5,0.0,0
S04861,0.5,0.0,0
S04862,0.5,0.0,0
S04863,0.5,0.0,0
S04870,0.5,0.0,0
S04871,0.5,0.0,0
S04873,0.5,0.0,0
S04875,0.5,0.0,0
S04881,0.5,0.0,0
S04883,0.5,0.0,0
S04884,0.5,0.0,0
S04886,0.5,0.0,0
S04888,0.5,0.0,0
S04889,0.5,0.0,0
S04894,0.5,0.0,0
S04895,0.5,0.0,0
S04897,0.5,0.0,0
S04898,0.5,0.0,0
S04899,0.5,0.0,0
S04900,0.5,0.0,0
S04901,0.5,0.0,0
S04905,0.5,0.0,0
S04906,0.5,0.0,0
S04908,0.5,0.0,0
S04909,0.5,0.0,0
S04910,0.5,0.0,0
S04911,0.5,0.0,0
S04912,0.5,0.0,0
S04915,0.5,0.0,0
S04916,0.5,0.0,0
S04918,0.5,0.0,0
S04919,0.5,0.0,0
S04921,0.5,0.0,0
S04924,0.5,0.0,0
S04926,0.5,0.0,0
S04928,0.5,0.0,0
S04930,0.5,0.0,0
S04934,0.5,0.0,0
S04935,0.5,0.0,0
S04936,0.5,0.0,0
S04942,0.5,0.0,0
S04944,0.5,0.0,0
S04946,0.5,0.0,0
S04947,0.5,0.0,0
S04948,0.5,0.0,0
S04950,0.5,0.0,0
S04951,0.5,0.0,0
S04953,0.5,0.0,0
S04954,0.5,0.0,0
S04956,0.5,0.0,0
S04959,0.5,0.0,0
S04960,0.5,0.0,0
S04961,0.5,0.0,0
S04963,0.5,0.0,0
S04966,0.5,0.0,0
S04970,0.5,0.0,0
S04974,0.5,0.0,0
S04975,0.5,0.0,0
S04976,0.5,0.0,0
S04978,0.5,0.0,0
S04979,0.5,0.0,0
S04981,0.5,0.0,0
S04983,0.5,0.0,0
S04988,0.5,0.0,0
S04990,0.5,0.0,0
S04992,0.5,0.0,0
S04994,0.5,0.0,0
S04995,0.5,0.0,0
S04996,0.5,0.0,0
S05004,0.5,0.0,0
S05009,0.5,0.0,0
S05013,0.5,0.0,0
S05017,0.5,0.0,0
S05018,0.5,0.0,0
S05022,0.5,0.0,0
S05024,0.5,0.0,0
S05029,0.5,0.0,0
S05033,0.5,0.0,0
S05036,0.5,0.0,0
S05042,0.5,0.0,0
S05043,0.5,0.0,0
S05045,0.5,0.0,0
S05046,0.5,0.0,0
S05049,0.5,0.0,0
S05050,0.5,0.0,0
S05060,0.5,0.0,0
S05063,0.5,0.0,0
S05065,0.5,0.0,0
S05071,0.5,0.0,0
S05073,0.5,0.0,0
S05074,0.5,0.0,0
S05076,0.5,0.0,0
S05077,0.5,0.0,0
S05078,0.5,0.0,0
S05082,0.5,0.0,0
S05084,0.5,0.0,0
S05085,0.5,0.0,0
S05089,0.5,0.0,0
S05091,0.5,0.0,0
S05094,0.5,0.0,0
S05095,0.5,0.0,0
S05097,0.5,0.0,0
S05101,0.5,0.0,0
S05106,0.5,0.0,0
S05107,0.5,0.0,0
S05108,0.5,0.0,0
S05109,0.5,0.0,0
S05112,0.5,0.0,0
S05117,0.5,0.0,0
S05120,0.5,0.0,0
S05122,0.5,0.0,0
S05128,0.5,0.0,0
S05129,0.5,0.0,0
S05131,0.5,0.0,0
S05132,0.5,0.0,0
S05136,0.5,0.0,0
S05140,0.5,0.0,0
S05141,0.5,0.0,0
S05142,0.5,0.0,0
S05143,0.5,0.0,0
S05144,0.5,0.0,0
S05152,0.5,0.0,0
S05155,0.5,0.0,0
S05158,0.5,0.0,0
S05159,0.5,0.0,0
S05160,0.5,0.0,0
S05163,0.5,0.0,0
S05171,0.5,0.0,0
S05177,0.5,0.0,0
S05180,0.5,0.0,0
S05185,0.5,0.0,0
S05186,0.5,0.0,0
S05187,0.5,0.0,0
S05190,0.5,0.0,0
S05198,0.5,0.0,0
S05201,0.5,0.0,0
S05202,0.5,0.0,0
S05204,0.5,0.0,0
S05205,0.5,0.0,0
S05206,0.5,0.0,0
S05209,0.5,0.0,0
S05213,0.5,0.0,0
S05214,0.5,0.0,0
S05215,0.5,0.0,0
S05216,0.5,0.0,0
S05217,0.5,0.0,0
S05218,0.5,0.0,0
S05220,0.5,0.0,0
S05221,0.5,0.0,0
S05222,0.5,0.0,0
S05229,0.5,0.0,0
S05233,0.5,0.0,0
S05240,0.5,0.0,0
S05243,0.5,0.0,0
S05244,0.5,0.0,0
S05246,0.5,0.0,0
S05247,0.5,0.0,0
S05248,0.5,0.0,0
S05250,0.5,0.0,0
S05251,0.5,0.0,0
S05264,0.5,0.0,0
S05268,0.5,0.0,0
S05269,0.5,0.0,0
S05274,0.5,0.0,0
S05285,0.5,0.0,0
S05286,0.5,0.0,0
S05300,0.5,0.0,0
S05302,0.5,0.0,0
S05303,0.5,0.0,0
S05305,0.5,0.0,0
S05308,0.5,0.0,0
S05317,0.5,0.0,0
S05319,0.5,0.0,0
S05320,0.5,0.0,0
S05325,0.5,0.0,0
S05326,0.5,0.0,0
S05337,0.5,0.0,0
S05338,0.5,0.0,0
S05343,0.5,0.0,0
S05344,0.5,0.0,0
S05345,0.5,0.0,0
S05347,0.5,0.0,0
S05349,0.5,0.0,0
S05352,0.5,0.0,0
S05354,0.5,0.0,0
S05356,0.5,0.0,0
S05363,0.5,0.0,0
S05364,0.5,0.0,0
S05370,0.5,0.0,0
S05377,0.5,0.0,0
S05378,0.5,0.0,0
S05379,0.5,0.0,0
S05380,0.5,0.0,0
S05381,0.5,0.0,0
S05385,0.5,0.0,0
S05386,0.5,0.0,0
S05390,0.5,0.0,0
S05391,0.5,0.0,0
S05392,0.5,0.0,0
S05394,0.5,0.0,0
S05396,0.5,0.0,0
S05397,0.5,0.0,0
S05398,0.5,0.0,0
S05400,0.5,0.0,0
S05404,0.5,0.0,0
S05406,0.5,0.0,0
S05408,0.5,0.0,0
S05410,0.5,0.0,0
S05412,0.5,0.0,0
S05413,0.5,0.0,0
S05415,0.5,0.0,0
S05416,0.5,0.0,0
S05417,0.5,0.0,0
S05418,0.5,0.0,0
S05419,0.5,0.0,0
S05422,0.5,0.0,0
S05423,0.5,0.0,0
S05424,0.5,0.0,0
S05425,0.5,0.0,0
S05428,0.5,0.0,0
S05429,0.5,0.0,0
S05433,0.5,0.0,0
S05434,0.5,0.0,0
S05437,0.5,0.0,0
S05439,0.5,0.0,0
S05440,0.5,0.0,0
S05441,0.5,0.0,0
S05443,0.5,0.0,0
S05445,0.5,0.0,0
S05450,0.5,0.0,0
S05451,0.5,0.0,0
S05452,0.5,0.0,0
S05456,0.5,0.0,0
S05459,0.5,0.0,0
S05464,0.5,0.0,0
S05465,0.5,0.0,0
S05467,0.5,0.0,0
S05468,0.5,0.0,0
S05473,0.5,0.0,0
S05475,0.5,0.0,0
S05477,0.5,0.0,0
S05480,0.5,0.0,0
S05482,0.5,0.0,0
S05483,0.5,0.0,0
S05489,0.5,0.0,0
S05491,0.5,0.0,0
S05492,0.5,0.0,0
S05493,0.5,0.0,0
S05496,0.5,0.0,0
S05500,0.5,0.0,0
S05501,0.5,0.0,0
S05503,0.5,0.0,0
S05507,0.5,0.0,0
S05508,0.5,0.0,0
S05509,0.5,0.0,0
S05516,0.5,0.0,0
S05518,0.5,0.0,0
S05519,0.5,0.0,0
S05520,0.5,0.0,0
S05522,0.5,0.0,0
S05524,0.5,0.0,0
S05527,0.5,0.0,0
S05528,0.5,0.0,0
S05531,0.5,0.0,0
S05532,0.5,0.0,0
S05533,0.5,0.0,0
S05536,0.5,0.0,0
S05541,0.5,0.0,0
S05544,0.5,0.0,0
S05548,0.5,0.0,0
S05549,0.5,0.0,0
S05550,0.5,0.0,0
S05553,0.5,0.0,0
S05554,0.5,0.0,0
S05557,0.5,0.0,0
S05562,0.5,0.0,0
S05563,0.5,0.0,0
S05571,0.5,0.0,0
S05572,0.5,0.0,0
S05574,0.5,0.0,0
S05578,0.5,0.0,0
S05579,0.5,0.0,0
S05590,0.5,0.0,0
S05592,0.5,0.0,0
S05593,0.5,0.0,0
S05594,0.5,0.0,0
S05596,0.5,0.0,0
S05600,0.5,0.0,0
S05606,0.5,0.0,0
S05611,0.5,0.0,0
S05614,0.5,0.0,0
S05616,0.5,0.0,0
S05619,0.5,0.0,0
S05620,0.5,0.0,0
S05624,0.5,0.0,0
S05627,0.5,0.0,0
S05628,0.5,0.0,0
S05629,0.5,0.0,0
S05633,0.5,0.0,0
S05642,0.5,0.0,0
S05643,0.5,0.0,0
S05648,0.5,0.0,0
S05652,0.5,0.0,0
S05653,0.5,0.0,0
S05658,0.5,0.0,0
S05660,0.5,0.0,0
S05664,0.5,0.0,0
S05666,0.5,0.0,0
S05667,0.5,0.0,0
S05670,0.5,0.0,0
S05671,0.5,0.0,0
S05674,0.5,0.0,0
S05677,0.5,0.0,0
S05679,0.5,0.0,0
S05680,0.5,0.0,0
S05681,0.5,0.0,0
S05682,0.5,0.0,0
S05690,0.5,0.0,0
S05691,0.5,0.0,0
S05692,0.5,0.0,0
S05693,0.5,0.0,0
S05696,0.5,0.0,0
S05697,0.5,0.0,0
S05698,0.5,0.0,0
S05699,0.5,0.0,0
S05702,0.5,0.0,0
S05705,0.5,0.0,0
S05706,0.5,0.0,0
S05707,0.5,0.0,0
S05709,0.5,0.0,0
S05711,0.5,0.0,0
S05714,0.5,0.0,0
S05716,0.5,0.0,0
S05718,0.5,0.0,0
S05720,0.5,0.0,0
S05722,0.5,0.0,0
S05725,0.5,0.0,0
S05731,0.5,0.0,0
S05732,0.5,0.0,0
S05734,0.5,0.0,0
S05735,0.5,0.0,0
S05738,0.5,0.0,0
S05739,0.5,0.0,0
S05740,0.5,0.0,0
S05743,0.5,0.0,0
S05744,0.5,0.0,0
S05745,0.5,0.0,0
S05750,0.5,0.0,0
S05754,0.5,0.0,0
S05761,0.5,0.0,0
S05763,0.5,0.0,0
S05764,0.5,0.0,0
S05765,0.5,0.0,0
S05769,0.5,0.0,0
S05771,0.5,0.0,0
S05772,0.5,0.0,0
S05774,0.5,0.0,0
S05775,0.5,0.0,0
S05778,0.5,0.0,0
S05781,0.5,0.0,0
S05782,0.5,0.0,0
S05786,0.5,0.0,0
S05787,0.5,0.0,0
S05788,0.5,0.0,0
S05789,0.5,0.0,0
S05790,0.5,0.0,0
S05795,0.5,0.0,0
S05798,0.5,0.0,0
S05800,0.5,0.0,0
S05804,0.5,0.0,0
S05805,0.5,0.0,0
S05808,0.5,0.0,0
S05811,0.5,0.0,0
S05813,0.5,0.0,0
S05815,0.5,0.0,0
S05816,0.5,0.0,0
S05818,0.5,0.0,0
S05822,0.5,0.0,0
S05823,0.5,0.0,0
S05826,0.5,0.0,0
S05827,0.5,0.0,0
S05828,0.5,0.0,0
S05829,0.5,0.0,0
S05830,0.5,0.0,0
S05831,0.5,0.0,0
S05832,0.5,0.0,0
S05834,0.5,0.0,0
S05839,0.5,0.0,0
S05842,0.5,0.0,0
S05843,0.5,0.0,0
S05847,0.5,0.0,0
S05851,0.5,0.0,0
S05853,0.5,0.0,0
S05854,0.5,0.0,0
S05855,0.5,0.0,0
S05856,0.5,0.0,0
S05857,0.5,0.0,0
S05858,0.5,0.0,0
S05862,0.5,0.0,0
S05867,0.5,0.0,0
S05869,0.5,0.0,0
S05871,0.5,0.0,0
S05872,0.5,0.0,0
S05873,0.5,0.0,0
S05875,0.5,0.0,0
S05876,0.5,0.0,0
S05881,0.5,0.0,0
S05883,0.5,0.0,0
S05891,0.5,0.0,0
S05892,0.5,0.0,0
S05893,0.5,0.0,0
S05894,0.5,0.0,0
S05896,0.5,0.0,0
S05901,0.5,0.0,0
S05908,0.5,0.0,0
S05912,0.5,0.0,0
S05913,0.5,0.0,0
S05914,0.5,0.0,0
S05915,0.5,0.0,0
S05916,0.5,0.0,0
S05917,0.5,0.0,0
S05918,0.5,0.0,0
S05920,0.5,0.0,0
S05922,0.5,0.0,0
S05923,0.5,0.0,0
S05927,0.5,0.0,0
S05928,0.5,0.0,0
S05929,0.5,0.0,0
S05932,0.5,0.0,0
S05937,0.5,0.0,0
S05938,0.5,0.0,0
S05939,0.5,0.0,0
S05943,0.5,0.0,0
S05944,0.5,0.0,0
S05945,0.5,0.0,0
S05949,0.5,0.0,0
S05951,0.5,0.0,0
S05959,0.5,0.0,0
S05960,0.5,0.0,0
S05962,0.5,0.0,0
S05965,0.5,0.0,0
S05967,0.5,0.0,0
S05972,0.5,0.0,0
S05977,0.5,0.0,0
S05979,0.5,0.0,0
S05987,0.5,0.0,0
S05990,0.5,0.0,0
S05993,0.5,0.0,0
S05998,0.5,0.0,0
S05999,0.5,0.0,0
S06000,0.5,0.0,0
S06004,0.5,0.0,0
S06008,0.5,0.0,0
S06009,0.5,0.0,0
S06012,0.5,0.0,0
S06015,0.5,0.0,0
S06019,0.5,0.0,0
S06022,0.5,0.0,0
S06030,0.5,0.0,0
S06033,0.5,0.0,0
S06034,0.5,0.0,0
S06035,0.5,0.0,0
S06040,0.5,0.0,0
S06041,0.5,0.0,0
S06042,0.5,0.0,0
S06043,0.5,0.0,0
S06044,0.5,0.0,0
S06045,0.5,0.0,0
S06046,0.5,0.0,0
S06053,0.5,0.0,0
S06054,0.5,0.0,0
S06055,0.5,0.0,0
S06057,0.5,0.0,0
S06061,0.5,0.0,0
S06063,0.5,0.0,0
S06064,0.5,0.0,0
S06067,0.5,0.0,0
S06068,0.5,0.0,0
S06069,0.5,0.0,0
S06070,0.5,0.0,0
S06071,0.5,0.0,0
S06077,0.5,0.0,0
S06078,0.5,0.0,0
