item_id,symbol
IT_46322193b302,S043
IT_a4b78ffb4356,S043
IT_a31990395fc6,S043
IT_547440adbc27,S043
IT_2f0ff4d9c33c,S043
IT_0dcd01f51c66,S043
IT_bef8ef48989f,S043
IT_1aef6cb9cd76,S043
IT_a91193c73a6e,S043
IT_d59e8642f329,S043
IT_c3fef8a3a76d,S043
IT_3204f37643d6,S043
IT_20040188a162,S043
IT_49129038750c,S043
IT_a7b95f918d18,S043
IT_31f89120e10b,S043
IT_73767fcf9597,S043
IT_c09ac2b481e9,S043
IT_d707c23fdd86,S043
IT_ec42b861ef9f,S043
IT_abdc19e07580,S043
IT_63af29787f9b,S043
IT_6ebd2739fb74,S043
IT_bd7dcd9f1f8b,S043
IT_e99aa47f68f7,S043
IT_1666a626419c,S043
IT_2501ddaa226a,S043
IT_f5cf4e433806,S043
IT_2fa94f713fb9,S043
IT_dda70659f241,S043
IT_7b22b371565f,S043
IT_91989b1de36a,S043
IT_b39b3dcf60fb,S043
IT_ed21f05e1f65,S043
IT_9213ec36d8f7,S043
IT_c8030ca0ba7f,S043
IT_69eba63ddce5,S043
IT_94fe87669434,S043
IT_dee809532d1f,S043
IT_ca3d60f81248,S043
IT_01786d10b85f,S043
IT_7cdee657806f,S043
IT_9fede4bf7f79,S043
IT_2d9285317d78,S043
IT_d6ea443ddcde,S043
IT_082096196f98,S043
IT_c1ff3bbbf710,S043
IT_70de0eb52423,S043
IT_0f74cb65a2fa,S043
IT_0a3757f2c690,S043
IT_a33c427c98eb,S043
IT_011bbbc28ea6,S043
IT_3847b8f350e3,S043
IT_a43ac18db895,S043
IT_1dbd4ffc4cb9,S043
IT_3b8c910f3f9d,S043
IT_61a96e5378f7,S043
IT_758ffb6c5027,S043
IT_649b365279b3,S043
IT_3321823d7493,S043
IT_181547b91bd4,S043
IT_cf13c84b24b2,S043
IT_68777426a612,S043
IT_0310394cbf2e,S043
IT_41854fdd6ffa,S043
IT_b09e09153b8d,S043
IT_f2e2e507f456,S043
IT_74d59f3d5ee2,S043
IT_672f6ff58f64,S043
IT_d0c207b243ab,S043
IT_cc4b32c6481d,S043
IT_20c5a1f6cdc9,S043
IT_76b0a9a65155,S043
IT_e950fea6808f,S043
IT_a5bcdc839b8c,S043
IT_6ed510fa57c7,S043
IT_8484e57b183e,S043
IT_043a8a6e5da4,S043
IT_192f48472446,S043
IT_7e972ea471e4,S043
IT_655716486040,S043
IT_0cbd6c792f1e,S043
IT_e77c93b4d5a6,S043
IT_c7ef3840e4fa,S043
IT_2ecbd091c225,S043
IT_251757ab80a4,S043
IT_7db6ba2d9985,S043
IT_a6b18ce66a1b,S043
IT_847422834006,S043
IT_ca7dd16ceb4d,S043
IT_f9951a04cc25,S043
IT_4b6b7271c068,S043
IT_ef3870310725,S043
IT_c689fb26bc9a,S043
IT_f89f434fb6c2,S043
IT_cf5d02453953,S043
IT_34f7eae8e171,S043
IT_4ac36f208bae,S043
IT_85928d0af8d9,S043
IT_84171b9902a7,S043
IT_3471ed5cd291,S043
IT_317139a1556b,S043
IT_90731bf1a05b,S043
IT_cdbce63708c1,S043
IT_f5bc2687a3bb,S043
IT_232faad38b69,S043
IT_da2b02aff220,S043
IT_d88bed31749f,S043
IT_cce9c576cda2,S043
IT_32240f33b37f,S043
IT_92013f016e43,S043
IT_ffa44316c55f,S043
IT_391ef2891a18,S043
IT_4e1417381bfb,S043
IT_5d71dbea61c1,S043
IT_f90d17f40b28,S043
IT_8ba2343f044a,S043
IT_8723a463a60b,S043
IT_f427584b1777,S043
IT_4540a1b95745,S043
IT_7ae4d052bd44,S043
IT_e10328c8c12a,S043
IT_7ec1838c0728,S043
IT_499c9db7bff3,S043
IT_30591c4d53c3,S043
IT_89c2d592d44c,S043
IT_f09de04a197a,S043
IT_6773123bd27a,S043
IT_9ad4099c3058,S043
IT_dca394533c80,S043
IT_afeb3825ba86,S043
IT_5926cf414319,S043
IT_a7bd7ca6fae4,S043
IT_1dea05135069,S043
IT_5af5bbb03493,S043
IT_efcd84ddc734,S043
IT_61b2817a8204,S043
IT_97aa6348a0e2,S043
IT_1281e30903a8,S043
IT_23baf0cdf4be,S043
IT_93cdf35b8562,S043
IT_f796ac014b16,S043
IT_e91b2a95fc62,S043
IT_a7ab49a196f5,S043
IT_e1032518795d,S043
IT_83a4f870f3f2,S043
IT_11f6a0abfd89,S043
IT_33584de93438,S043
IT_10c11d712245,S043
IT_cca8ded102d6,S043
IT_ac079a6e5ece,S043
IT_2ca91675c6c2,S043
IT_c6c54330dbfb,S043
IT_87b4cddae1e2,S043
IT_34aa8a94e729,S043
IT_0452c75e5b47,S043
IT_0fd84bf9d400,S043
IT_159059747bdc,S043
IT_a9dad940936a,S043
IT_fc7781024f8a,S043
IT_80b47fa66d67,S043
IT_9c513009c9ea,S043
IT_04794f0f8224,S043
IT_d8e2c840fcb4,S043
IT_5e1840ae1dad,S043
IT_39b177ab5039,S043
IT_2f5c5fd50474,S043
IT_fe62bbed0721,S043
IT_f239441c2da1,S043
IT_33074fe19e1a,S043
IT_5d5dde0cb4cb,S043
IT_0fc8e017c57f,S043
IT_6b74047f8461,S043
IT_89335b3db418,S043
IT_1a8d12c25950,S043
IT_e841d126712f,S043
IT_29559036d1ad,S043
IT_ff3826ae41f3,S043
IT_3e91c7973777,S043
IT_37a89ac98296,S043
IT_74038645ff42,S043
IT_b47e74d14b85,S043
IT_416af2e0a3c4,S043
IT_c8ecc4785407,S043
IT_32f020dc4ebc,S043
IT_b8f01d951e5c,S043
IT_db35e1d5066e,S043
IT_ca76126ba990,S043
IT_9ca1fa07385c,S043
IT_8e71862ea1e3,S043
IT_5e883a358465,S043
IT_9567a5c7ac15,S043
IT_18f10e93a769,S043
IT_6b43dfdc0f5a,S043
IT_537bfa791e2e,S043
IT_5ea0cf4c8d7b,S043
IT_cfa3c6363bf1,S043
IT_1f572f9d0a8e,S043
IT_0612178bb403,S043
IT_401c7f38a1fa,S043
IT_56f535f3c289,S043
IT_4d0d550248df,S043
IT_93004511ac19,S043
IT_29309c976090,S043
IT_a2630e64e739,S043
IT_9f11ab258427,S043
IT_af7f1d0ff42f,S043
IT_1ca5522c0361,S043
IT_9480cefcd433,S043
IT_f8ef215459e5,S043
IT_a24c39c3d6ac,S043
IT_c15e53973c14,S043
IT_83979319bad2,S043
IT_47bc82b1f5b1,S043
IT_00c0a9fb7852,S043
IT_7c2e53b30d3b,S043
IT_b9669750a602,S043
IT_8bf37625b65c,S043
IT_04ab6f1a90e4,S043
IT_3cd4a1f46cbd,S043
IT_d9913b1fe2f3,S043
IT_c1e60baa885b,S043
IT_d80b5d43c73a,S043
IT_ae89ce751173,S043
IT_55fbcb6a1ac6,S043
IT_c0f1626335ff,S043
IT_1fc85ad15d86,S043
IT_822510c61008,S043
IT_54b076734d4f,S043
IT_8d3b195bc379,S043
IT_f6d8fcf82e8e,S043
IT_ec5a8623dab5,S043
IT_4052f4a3ad9f,S043
IT_f21d2ae1ca4c,S043
IT_8e2a9bac06e9,S043
IT_df9cef66f9be,S043
IT_8e9891db8809,S043
IT_849d9d4b9cf4,S043
IT_68bbed6a0e4d,S043
IT_4cb1711893f5,S043
IT_8727dca1076e,S043
IT_244e918fc48e,S043
IT_f388d5a8a5b0,S043
IT_f054fbbc0bb9,S043
IT_559c5817c99a,S043
IT_847063f0c040,S043
IT_1980aa7d524d,S043
IT_89cae57cfcb1,S043
IT_2728769aeeff,S043
IT_f1a6d406546a,S043
IT_f402b96d5ae9,S043
IT_33687b37707d,S043
IT_59ae5085e976,S043
IT_41645d684c17,S043
IT_602342296e4c,S043
IT_a4dabb060476,S043
IT_dba531bc6127,S043
IT_f126552e1234,S043
IT_3ea26edb01ad,S043
IT_28c0c74f40e2,S043
IT_63629b7d6e1a,S043
IT_bf0a09e6ab47,S043
IT_39d0d96bbf5f,S043
IT_795eef03d0e1,S043
IT_d93480ad1dc2,S043
IT_3be542530465,S043
IT_7753449420dd,S043
IT_89de9d504ad4,S043
IT_38d89e46f728,S043
IT_53e5d3c7f985,S043
IT_6f2a85117aec,S043
IT_8acea8abc005,S043
IT_5a3265da66ff,S043
IT_c9cd23f3f4a5,S043
IT_fb84ac8000eb,S043
IT_5c719e909631,S043
IT_e3d1c346d051,S043
IT_fcf0344cf3be,S043
IT_f878750f1848,S043
IT_0254ba8631e6,S043
IT_1a74e4ba867e,S043
IT_546b38c224c5,S043
IT_84095f16223a,S043
IT_7ba1372c4aee,S043
IT_c6691f7f4d83,S043
IT_9c7c5d949b10,S043
IT_8bb99bdd4a43,S043
IT_fea3c1fede6f,S043
IT_2a7fb0626f22,S043
IT_7fd6b679e9f7,S043
IT_94ba9828020f,S043
IT_165c170ed11e,S043
IT_89b80254376e,S043
IT_4963db268787,S043
IT_89f58a8b89b6,S043
IT_ee4b9796c587,S043
IT_21945389ba9d,S043
IT_22859ec081ff,S043
IT_b722c6bf3a3c,S043
IT_ead7341630db,S043
IT_be6da6b20bb3,S043
IT_bf88df5a653f,S043
IT_a48f55dc9be7,S043
IT_c67e8e113e46,S043
IT_ed49807c9510,S043
IT_2a00123dc080,S043
IT_7138a4361191,S043
IT_3690198dea44,S043
IT_d86ec6176aac,S043
IT_a7d44b8dfc29,S043
IT_76c41f689306,S043
IT_e6129fd3a37a,S043
IT_4914a3bfa1ba,S043
IT_932627d602bf,S043
IT_e8940e557804,S043
IT_b4f2a9d19992,S043
IT_774446bef843,S043
IT_aab8022611e1,S043
IT_ae523caf8864,S043
IT_98a9e4580030,S043
IT_bab23600e11d,S043
IT_e67e6dbb109d,S043
IT_99e6bf522113,S043
IT_209142f44ecd,S043
IT_d0ec22ccd961,S043
IT_4397b01b2cd2,S043
IT_3c083ec1e3e8,S043
IT_c9c0a12b94ba,S043
IT_17986efdb21c,S043
IT_ae3f889692de,S043
IT_79c8662dec28,S043
IT_d39ecc1d5661,S043
IT_df9e626d0468,S043
IT_0c9d410de37a,S043
IT_d122a086800b,S043
IT_c014a9eeb762,S043
IT_5df308cd2f2b,S043
IT_b0b5297e7bb7,S043
IT_f08a10c0ce01,S043
IT_67832fb6c68b,S043
IT_45c4b0fe919d,S043
IT_070309901764,S043
IT_f03d81d9ac01,S043
IT_03e461dbf503,S043
IT_c18dda30ce8c,S043
IT_ade3195812a4,S043
IT_963d17a70d3b,S043
IT_f2bb9a855f6a,S043
IT_d53d98785cd9,S043
IT_e7f90bbbc3f6,S043
IT_89ddab5c2e1d,S043
IT_55d5a4b87cc7,S043
IT_a1aae75d445e,S043
IT_da6c0cac4c23,S043
IT_6439911bae3c,S043
IT_f0902a2222af,S043
IT_4b8cd0f9db84,S043
IT_3e430c52d580,S043
IT_cbbb573bb3ce,S043
IT_05ceb0bf8d3d,S043
IT_901dae228465,S043
IT_08d4850b6966,S043
IT_850483cef1e0,S043
IT_e04824aea016,S043
IT_77fba7fb16f7,S043
IT_381f8e1d36bd,S043
IT_169b7fdbbb54,S043
IT_dc9dff0bf69b,S043
IT_a05c5757a3e2,S043
IT_325cc84535f0,S043
IT_a600967b1f83,S043
IT_2de2febf031e,S043
IT_506584b19e82,S043
IT_e977a447d1bb,S043
IT_c58ed7e59002,S043
IT_b7b43790ff7b,S043
IT_eb54194a90d6,S043
IT_bcadbbcf0748,S043
IT_345a8c24f4f6,S043
IT_72fc7fd709cc,S043
IT_4716dceaaf87,S043
IT_3dd5166f2272,S043
IT_c71b9c1cd989,S043
IT_79638b20035f,S043
IT_af2702557b78,S043
IT_ae56fa2eaa7e,S043
IT_de6d3f8c074b,S043
IT_52bc2493d2ca,S043
IT_858c6cb1f1ac,S043
IT_c43084ad9e3d,S043
IT_fc5692958b7c,S043
IT_46b9df53c2b8,S043
IT_1668475195dc,S043
IT_9fff733dffe9,S043
IT_7696fa7dcf9f,S043
IT_e55d617a7413,S043
IT_20d03db5f849,S043
IT_738d611702cc,S043
IT_2c88aa0cb440,S043
IT_50aae326057c,S043
IT_e0496eae70d4,S043
IT_62ede94ab2f8,S043
IT_3564f4850df7,S043
IT_170282f437a2,S043
IT_4ba41ac501ef,S043
IT_1c6481b3a2fa,S043
IT_cbc8f2824ea2,S043
IT_da92944bc2a1,S043
IT_8cebb7bb2a3e,S043
IT_17e1a8f12f63,S043
IT_2ef614d3a1ee,S043
IT_cfe5785c742b,S043
IT_2f3d738e8099,S043
IT_cfbfa112bd0c,S043
IT_290667dd7b21,S043
IT_d95efa14bd6f,S043
IT_4db1689fd87c,S043
IT_96184c2b86b8,S043
IT_b2123d2ffe57,S043
IT_ca820810fdbf,S043
IT_4bc241dfdcb0,S043
IT_30ff5bda456b,S043
IT_1617ce1ab344,S043
IT_c125b022de37,S043
IT_d098ee458269,S043
IT_8539f72e3864,S043
IT_b45a912b1f2c,S043
IT_91cd4fac5164,S043
IT_adbb41067169,S043
IT_b82d9da71884,S043
IT_e7eeec00df82,S043
IT_371dcdc533d0,S043
IT_a9a0b9ab2160,S043
IT_dc49b265631d,S043
IT_04db870d16ba,S043
IT_41a188122b78,S043
IT_748c07e7081f,S043
IT_76e91eb1d562,S043
IT_2e2cfb8a0429,S043
IT_51a05653c3b5,S043
IT_5261d2ec37e1,S043
IT_a7d1e9b6b38a,S043
IT_e1583db90cd6,S043
IT_261fadc45659,S043
IT_510f1273ee57,S043
IT_66061e4babdd,S043
IT_58fcf86a37c4,S043
IT_38943de84e70,S043
IT_97cd93307e65,S043
IT_cd50a4960d57,S043
IT_62ecb924ed8d,S043
IT_fd145bcbaec7,S043
IT_e900634f3793,S043
IT_9e6019cccb48,S043
IT_ca6b129c2a53,S043
IT_a34dffb23bcc,S043
IT_6e9236d6219d,S043
IT_9274576a3656,S043
IT_79f19f6ba622,S043
IT_c8ab2e0d0443,S043
IT_ccc6c321406f,S043
IT_ba66e4506aa3,S043
IT_990f4e37cad8,S043
IT_48383c89b380,S043
IT_055c34ca4625,S043
IT_18dbf5f0a9cb,S043
IT_5fcf7e860816,S043
IT_0c086dbd2941,S043
IT_6ecf6bc7cc34,S043
IT_4379a81f60d9,S043
IT_6a2b2fb42a66,S043
IT_2f8d4c5947dc,S043
IT_f019e6fce678,S043
IT_6b92cb28f8a6,S043
IT_f1619ffa5a8d,S043
IT_84cd656613f2,S043
IT_4af660473abd,S043
IT_22db2b8fb702,S043
IT_8867f5e2e351,S043
IT_9723d9fcb269,S043
IT_b8a32f3374f7,S043
IT_f11efcfb77ba,S043
IT_a4c1fc98c4b6,S043
IT_4824ada339fd,S043
IT_19a229520c71,S043
IT_de18bb0a3517,S043
IT_1a3489b12030,S043
IT_1c64b17e6bba,S043
IT_fb72e623a35d,S043
IT_27eacecbafe2,S043
IT_2fa880da55c3,S043
IT_b094bb1f3878,S043
IT_e01647c06afa,S043
IT_75594ff4089c,S043
IT_73be9e0ac010,S043
IT_63f6175f7a71,S043
IT_74faa8c760dd,S043
IT_46733119739b,S043
IT_359dbdf8b434,S043
IT_ecf029ee6753,S043
IT_483eac74d6b3,S043
IT_89368921d57b,S043
IT_3d4405ff0c05,S043
IT_e1ad23dfdbcc,S043
IT_38b8d0d52101,S043
IT_a61e683fb606,S043
IT_52ace86228cf,S043
IT_203d8b3080b3,S043
IT_8d983c7cfb65,S043
IT_70a1ccafa7a7,S043
IT_cd0e46895b25,S043
IT_b514986cf34b,S043
IT_ec3a0739f5db,S043
IT_98431f590358,S043
IT_e94915802074,S043
IT_731f34e94188,S043
IT_bdaa7e51eda7,S043
IT_3bcbea8a091b,S043
IT_ade92551bd3c,S043
IT_7cc66a7befac,S043
IT_74bed20b32a8,S043
IT_1c0ceed87afb,S043
IT_fc550f80476a,S043
IT_056a4aa25071,S043
IT_72e494a20f80,S043
IT_32d0e035f8ca,S043
IT_9fb4d5b71740,S043
IT_5e23b60d5e29,S043
IT_b4ba218c454f,S043
IT_2321e3a6ea5a,S043
IT_d447284bdabb,S043
IT_44f74ad6c2f1,S043
IT_f88465251c97,S043
IT_538f5ed300cb,S043
IT_1252503386e6,S043
IT_5213e3203be0,S043
IT_1824f15fcd5c,S043
IT_0ea6c24e425b,S043
IT_26d979ce73ed,S043
IT_eeb971df297b,S043
IT_efbb1a17cb7e,S043
IT_a433dd214f69,S043
IT_78afa7317168,S043
IT_131be386389a,S043
IT_92b7430fd3f6,S043
IT_4620a2479c9b,S043
IT_b38207312b5f,S043
IT_e8ee62fb7fcc,S043
IT_cf871a61173f,S043
IT_7ca0dd937a38,S043
IT_8e1b1f656bef,S043
IT_efb5fb9c9e07,S043
IT_fdfd30011e08,S043
IT_7656bf92ed0e,S043
IT_42d071f7961f,S043
IT_8598935e67e7,S043
IT_15edd09d5e95,S043
IT_5b198539ce2e,S043
IT_2c04cf12c99a,S043
IT_eb641779cb45,S043
IT_d2ad0a62ab6f,S043
IT_06a9b0434690,S043
IT_f4c8768bc629,S043
IT_da85b57e3567,S043
IT_e8aeca4ee8ec,S043
IT_127b79c2a5ab,S043
IT_f90925a9fedf,S043
IT_d2c3f9e3688a,S043
IT_ba9c21896581,S043
IT_35259db637de,S043
IT_6a9cb631b02b,S043
IT_cdceeda316bd,S043
IT_ba8701610a3c,S043
IT_3782240a73fb,S043
IT_9952db9c98c8,S043
IT_527cdb19a1e6,S043
IT_229a196b4ada,S043
IT_b746dfa38086,S043
IT_435418b45115,S043
IT_0437cd46c110,S043
IT_ba3159a728e4,S043
IT_0e0554e80cc6,S043
IT_ea872022306c,S043
IT_0367a5abb3ca,S043
IT_b8e02f083aa0,S043
IT_235a87475c7a,S043
IT_3d79a5f97c35,S043
IT_c4740dbe2485,S043
IT_d60a9bbd3e4c,S043
IT_f8c975da290b,S043
IT_8080f32a91a1,S043
IT_9a72a02ada77,S043
IT_c24837ef30f9,S043
IT_e3d8d43d892a,S043
IT_9b8d8ecc82c6,S043
IT_5296a8f4a30a,S043
IT_ff3b8c015f1b,S043
IT_782ba0a5815f,S043
IT_e87f14ff1e8a,S043
IT_e80a55001cb4,S043
IT_8196073f77d0,S043
IT_a195427d1e19,S043
IT_ea5a6b3e0d11,S043
IT_e356bda690e9,S043
IT_ef05f161b918,S043
IT_3c3017861cf7,S043
IT_b3c0e33821aa,S043
IT_e4f4cdab9e7b,S043
IT_c71640b36c77,S043
IT_9b1d142862e6,S043
IT_ebff5525d108,S043
IT_f07d5eb3f4ba,S043
IT_582214c209ff,S043
IT_7a73e74ca8f7,S043
IT_20c7f87b227a,S043
IT_47f3533ae107,S043
IT_f53959b4e35a,S043
IT_501c94a5f870,S043
IT_0b50e5fc4eb4,S043
IT_0112860fad28,S043
IT_ef016e4a7e83,S043
IT_f5f741d224b2,S043
IT_29c75c33ed0c,S043
IT_7557e099f17a,S043
IT_8bd70b8ac86a,S043
IT_16144aa986aa,S043
IT_c97053c75841,S043
IT_5dc1462b04d1,S043
IT_aa7d815aa6d5,S043
IT_425cdf73c124,S043
IT_9282d38b731e,S043
IT_0b854914d2ce,S043
IT_bce955583b49,S043
IT_c204dfef19ef,S043
IT_8be514edc5c3,S043
IT_82a8bcf37d5a,S043
IT_a987c520e88e,S043
IT_b0c5c807ec1b,S043
IT_7a9d981d0ae2,S043
IT_04c4d3cffd8e,S043
IT_99361d5bd905,S043
IT_841a4e119c25,S043
IT_51a054f951c0,S043
IT_f7a2720d65c2,S043
IT_4b1f9bf82714,S043
IT_f4d9df35fd62,S043
IT_c8c03c7eff7b,S043
IT_2cbae2f0a4d5,S043
IT_ebf7c6049daf,S043
IT_ce8c02d3ec4b,S043
IT_859e8bc609d1,S043
IT_acfb923b68ce,S043
IT_b8464b2d4c39,S043
IT_27e7bd3da9ac,S043
IT_29270dd77a03,S043
IT_ef77d6a8bfe2,S043
IT_a84abdf35b01,S043
IT_f3ddf2ed4ab8,S043
IT_16918e5cec08,S043
IT_5e2f64a399dd,S043
IT_7cb3deb7b091,S043
IT_e71709618e87,S043
IT_7481740cf6f6,S043
IT_cff556c71733,S043
IT_3c2229bef215,S043
IT_e3fb239fc244,S043
IT_05b5da5045e5,S043
IT_6af6ad8a9e8f,S043
IT_262fd6056ab9,S043
IT_079cf6f33b35,S043
IT_dd37f9476162,S043
IT_18054b9173ac,S043
IT_71d403da1524,S043
IT_1715351c2e42,S043
IT_09d0a0ff57e9,S043
IT_3f3d8aadf044,S043
IT_700d73ef4a02,S043
IT_74c06e12a7b1,S043
IT_8a3ad3671885,S043
IT_5af99aba8e01,S043
IT_c753cae03831,S043
IT_904d9ed9de76,S043
IT_20f7522282d7,S043
IT_490f8f6676c4,S043
IT_ad5a89b6c0eb,S043
IT_fe0c1983e0d2,S043
IT_7e576df9054e,S043
IT_55d71cd796ac,S043
IT_e2152c178d0f,S043
IT_857f0794d6a0,S043
IT_e7197f9612e5,S043
IT_c1f8509394e5,S043
IT_6be937e1024e,S043
IT_44624a2dbc7c,S043
IT_fde40e2b7bca,S043
IT_315a5733cbd3,S043
IT_57c97bd27233,S043
IT_78211785dbe9,S043
IT_8450ea34f61e,S043
IT_8ebb1af1b9a8,S043
IT_0361327070fb,S043
IT_6f87350fd153,S043
IT_4d99a68904e2,S043
IT_5e4aad62077f,S043
IT_5e47502d9976,S043
IT_b244a0e2f2a1,S043
IT_9e2ba8989630,S043
IT_797392cbf208,S043
IT_42d637bc9809,S043
IT_af8cfbc731ea,S043
IT_90a3323ade6c,S043
IT_43115414a857,S043
IT_0b6ef72a0012,S043
IT_e05278c23950,S043
IT_020f0f1a3ec6,S043
IT_09ce51757efa,S043
IT_083d518862a3,S043
IT_58dc38aab449,S043
IT_1a78d91d3949,S043
IT_78b11eaf5192,S043
IT_fdd792c18c8e,S043
IT_5e8141a477ff,S043
IT_a6599383d7be,S043
IT_abb77138810b,S043
IT_abee9d11150c,S043
IT_9a34bf1b06ac,S043
IT_128aa8cb6845,S043
IT_e691b4b34b36,S043
IT_f2a1566094e0,S043
IT_70dd90613fac,S043
IT_e123d92f1ac8,S043
IT_b55a2f82abd4,S043
IT_690e6d2703d9,S043
IT_4327541dfa3c,S043
IT_9d4fa1cec8c9,S043
IT_b965b0b91b60,S043
IT_94d431facf0f,S043
IT_ce18db0d1d3a,S043
IT_77ac82497e87,S043
IT_7ab017cb018c,S043
IT_f164dc4d6a19,S043
IT_b33eea1b15df,S043
IT_86c8dec30f9a,S043
IT_418e7de2edad,S043
IT_d5ebee138a8c,S043
IT_02fcce14a62d,S043
IT_8e3b9a927693,S043
IT_7ef798e784f4,S043
IT_2976aa5d9987,S043
IT_956162c335c8,S043
IT_4a43bc26be6e,S043
IT_2be14299701b,S043
IT_47ce5dc59021,S043
IT_943c27a9c574,S043
IT_7509dd4e9016,S043
IT_bff2dff2c4b4,S043
IT_34390e8d1d86,S043
IT_35296830bc2b,S043
IT_1983d8d93fb0,S043
IT_dcbe934d3309,S043
IT_966a40cf95fd,S043
IT_d68d483df100,S043
IT_6cd0924d835c,S043
IT_ba3c3839cc58,S043
IT_41a9932fd316,S043
IT_d0618370a0fe,S043
IT_facc526961cf,S043
IT_70720908859e,S043
IT_2bf02fc089c7,S043
IT_276a13a7a942,S043
IT_8be63366c345,S043
IT_a0478fe0ce01,S043
IT_23fec1b835b7,S043
IT_31b52c7acb1d,S043
IT_ef72c2231e71,S043
IT_1d9680455ab7,S043
IT_2640b2b8c6fd,S043
IT_18ab0e728832,S043
IT_dec76e85a9b3,S043
IT_f04a616c644d,S043
IT_77d47b4dca01,S043
IT_1e45cf3e5f89,S043
IT_44b395d98df2,S043
IT_e53407a0611a,S043
IT_b6cfc6c09c44,S043
IT_0f35853dab1c,S043
IT_0434d3e32fff,S043
IT_e5ce074941c9,S043
IT_3ed0bff64e7a,S043
IT_24f927ece166,S043
IT_beca05fce90a,S043
IT_52a78a83cf3a,S043
IT_ead39b31aac0,S043
IT_3ffc4d043a0c,S043
IT_b88410adb06e,S043
IT_fb30775e99be,S043
IT_102c204be41f,S043
IT_864fd955277a,S043
IT_b724fa386605,S043
IT_7226b08231c5,S043
IT_e215972e12ff,S043
IT_404963ac1a51,S043
IT_f8438bda8dfa,S043
IT_63888ef556e1,S043
IT_fc08ea91b9ef,S043
IT_de846cbaa8b1,S043
IT_b688a023a1bf,S043
IT_5d670a09d948,S043
IT_bb8e18fc9b23,S043
IT_f8285ed09a7d,S043
IT_acd53701411b,S043
IT_2104b2f156f0,S043
IT_738dd7c76c96,S043
IT_0202f5e2da1c,S043
IT_82784dbd98ce,S043
IT_2e3a62d488aa,S043
IT_f2c40a606062,S043
IT_414e430fd66c,S043
IT_af3e088ed907,S043
IT_d226e499ee04,S043
IT_185c127e2a62,S043
IT_7622779f8cbb,S043
IT_c6b155ec4acf,S043
IT_9d8c31f12551,S043
IT_8efb8d7febd2,S043
IT_53ea6c450f9b,S043
IT_ea37f413ed3c,S043
IT_17879941418e,S043
IT_00baf63f513e,S043
IT_ca320ba1b5ab,S043
IT_2dd9919968dd,S043
IT_e1906f0fb283,S043
IT_a2930c2b6068,S043
IT_2f9528d81ff4,S043
IT_28e197c049eb,S043
IT_f0a2a150110b,S043
IT_79ed029a1aee,S043
IT_9d98942a9e2a,S043
IT_c91c4d137ddc,S043
IT_7463072ef2b6,S043
IT_5a4b9175fc8c,S043
IT_4c3e12dc7ace,S043
IT_32cdf4f3729f,S043
IT_12c61b8fc7cd,S043
IT_9df05bef112f,S043
IT_bc7efe96edbd,S043
IT_4d91a3729eaa,S043
IT_3405f84b2e65,S043
IT_7087eca2c0b5,S043
IT_f1ab0bdb3fcb,S043
IT_1226e4bd3f7b,S043
IT_2c4d6cebb128,S043
IT_f75ec01e9736,S043
IT_d8c3e9c99dfc,S043
IT_b86cba3d2a77,S043
IT_4c1e038b726c,S043
IT_8bf99d0d4641,S043
IT_665515dc2aab,S043
IT_20265ad636d8,S043
IT_cb1c787bcc38,S043
IT_84d92b2547c7,S043
IT_74c84c343bcb,S043
IT_20e2b6cc7ff8,S043
IT_6a2df5e67f2b,S043
IT_2b48a186cdb2,S043
IT_5b92433f480f,S043
IT_499f8ea84658,S043
IT_01543fff6478,S043
IT_7538264752cf,S043
IT_d8ebc3d80ca2,S043
IT_63ec8fa8c7ab,S043
IT_0c9154cfe02c,S043
IT_dbed1b2b989c,S043
IT_b00a8922c56b,S043
IT_cd4042729ac5,S043
IT_f44c4ceb846b,S043
IT_aa58ad64a5f2,S043
IT_31a6f10cfcfa,S043
IT_8fdc95ce5af3,S043
IT_7f5f61bd1911,S043
IT_b3280100c3d8,S043
IT_5c4f3502b9a9,S043
IT_07cb3e35e396,S043
IT_cfa8bd976fa8,S043
IT_d7eb8dabbfaa,S043
IT_90e1c7963da6,S043
IT_8d4d8b391528,S043
IT_edbb9748623c,S043
IT_0e374c351328,S043
IT_ef86a020386b,S043
IT_777e4ae51507,S043
IT_b64d24327e31,S043
IT_b079ffb20a66,S043
IT_156e2663a38e,S043
IT_ca16d0db4a04,S043
IT_b1cb572d66c5,S043
IT_37b8554ce077,S043
IT_cdd3cfcec251,S043
IT_d15e9827beda,S043
IT_5d834b5afa1f,S043
IT_7434f20f94d4,S043
IT_81632e3448bd,S043
IT_25602f44f5b1,S043
IT_abb8aece9c50,S043
IT_08173b220d6b,S043
IT_2969ca54918c,S043
IT_9e2d562ae516,S043
IT_78a2f2fe6d7b,S043
IT_5dd33b20667c,S043
IT_b22558798820,S043
IT_a227e74a96fc,S043
IT_a6620f25854f,S043
IT_6cc28c22162a,S043
IT_16575d607888,S043
IT_5ea9c53c6e7d,S043
IT_30315b724a6f,S043
IT_0a80c7e41a5b,S043
IT_6b0b058675f8,S043
IT_c3d739b5d1e1,S043
IT_17d94cf36422,S043
IT_21fbebd80013,S043
IT_634a67ba4277,S043
IT_a3e691f68b49,S043
IT_06a94e8f38ab,S043
IT_b294c4a8f0ec,S043
IT_abf6fb281e40,S043
IT_e4f3acec3b34,S043
IT_88f72a1c27b4,S043
IT_94b65f49fd47,S043
IT_848de6eab97d,S043
IT_13ec3a4f157f,S043
IT_04190da34c51,S043
IT_5b9fbf99bf9b,S043
IT_10f3407f3a14,S043
IT_22d155618d8c,S043
IT_505b04f0af66,S043
IT_fbbf28e3c950,S043
IT_7682c2690540,S043
IT_0efc0ca12d17,S043
IT_c6d24e3a1f52,S043
IT_1c977e07ef10,S043
IT_b1f17f101e43,S043
IT_7879162349de,S043
IT_66691a22b51c,S043
IT_8cdbf7b7b8c1,S043
IT_6182eec51ecd,S043
IT_64fab2dedcf1,S043
IT_0393b04ff5f4,S043
IT_dbad626a4b85,S043
IT_fe198fdd358e,S043
IT_cb32c713567f,S043
IT_b50ecd5f4b14,S043
IT_3b3d80a1af3d,S043
IT_59a746880a1f,S043
IT_b62c6dd9458c,S043
IT_f480aa3aa275,S043
IT_06a008486100,S043
IT_f1015ad805d3,S043
IT_61d75b9b8479,S043
IT_e6eb012a3c99,S043
IT_665345d4433a,S043
IT_0d1b3bb3bd48,S043
IT_50fdce8cbcb4,S043
IT_aa97cf53d67d,S043
IT_9ffa0232216d,S043
IT_5ad144a7991c,S043
IT_0f05c93ceaa5,S043
IT_02b6c0b45948,S043
IT_77aa755608e7,S043
IT_52e832758206,S043
IT_2322055de85c,S043
IT_7966bf2f72f6,S043
IT_d104485168b2,S043
IT_1601c51535a7,S043
IT_d65bfbbed505,S043
IT_8c28eb245cdf,S043
IT_1e7236d387c4,S043
IT_9081e80a707c,S043
IT_c8285ae71c15,S043
IT_1c04203b0195,S043
IT_6fdaa12396b3,S043
IT_facc80efc2af,S043
IT_9d0a7de9a115,S043
IT_879f48441f14,S043
IT_5c7c6483ef8f,S043
IT_c765b7aeb66a,S043
IT_813ab7eb1b17,S043
IT_295f1805e82a,S043
IT_eada62c93ebb,S043
IT_180f97245651,S043
IT_8475896664d7,S043
IT_6df7efb715a0,S043
IT_91af8d784bac,S043
IT_bedff3d9f8a5,S043
IT_2901749f8ba4,S043
IT_c83f94bddaaa,S043
IT_3584fc348004,S043
IT_2051159cb5df,S043
IT_295367802cd1,S043
IT_9a1c4a1119e6,S043
IT_b46494b113cb,S043
IT_9c7d6f7441ec,S043
IT_5bb7fdc68b86,S043
IT_f01fc4712fc9,S043
IT_9442fae53aee,S043
IT_9605982400a6,S043
IT_47d54810de9f,S043
IT_c725f406baab,S043
IT_12f8800fd788,S043
IT_2db69b62e329,S043
IT_0af3b51c6b12,S043
IT_15f811a1fea5,S043
IT_a411e2b92e9e,S043
IT_454b02e3e0dc,S043
IT_71d67b58433e,S043
IT_8fdfc65a9b4f,S043
IT_2324a0602a91,S043
IT_4e7a2bce5d9f,S043
IT_e0d7154478a4,S043
IT_0568d28d79d0,S043
IT_daab480c5f39,S043
IT_3d1230c27eaf,S043
IT_01647d6a248b,S043
IT_353cb160f45e,S043
IT_2dc23e2dfc04,S043
IT_d69716bdf8c3,S043
IT_574fc04e3131,S043
IT_e7c3da262e18,S043
IT_7f6b3e7393b0,S043
IT_5ae0203809fb,S043
IT_918bde08ffd6,S043
IT_5a086d75855c,S043
IT_6a0fb8d7c3d2,S043
IT_3d671f33390f,S043
IT_edddbddcda55,S043
IT_290e7075fb17,S043
IT_85d55a9354ac,S043
IT_556427d7341e,S043
IT_157888b49ca8,S043
IT_f262750ca4cb,S043
IT_300d4d1b8beb,S043
IT_0f05c0ad05eb,S043
IT_43655a9e7c33,S043
IT_d19835edd468,S043
IT_90a153114e26,S043
IT_c675168dc4de,S043
IT_6748156d9107,S043
IT_43d7d6f876ef,S043
IT_ce740262f1c0,S043
IT_21812fce8567,S043
IT_88555dd5f211,S043
IT_8e22871a1e05,S043
IT_d1c2da713642,S043
IT_fe1982f5f01d,S043
IT_db4e4948bca7,S043
IT_b7897e322aa1,S043
IT_7aad87311f7c,S043
IT_6812108e688a,S043
IT_204cf411d1b3,S043
IT_92bba1a56984,S043
IT_6c4ef998cbea,S043
IT_f6cefb853b16,S043
IT_f985e6993b21,S043
IT_b2483d326620,S043
IT_6ae02a6c94e9,S043
IT_8806d8f17900,S043
IT_8c631affeca1,S043
IT_61aadc79b160,S043
IT_d782f491bbf2,S043
IT_2a89f8405026,S043
IT_0a2641cfb78b,S043
IT_3136fb58e555,S043
IT_f523cd754d7b,S043
IT_d856e0633b93,S043
IT_c98d78f2c1c6,S043
IT_36c696cbefa8,S043
IT_9b7cd011693c,S043
IT_8c845fd36a1c,S043
IT_7955f91bc337,S043
IT_a47fa90067eb,S043
IT_eee63223537e,S043
IT_9d4ddb4fe9c7,S043
IT_969d34f63a4a,S043
IT_833d3ecef596,S043
IT_cb20cd23ae99,S043
IT_75846e9c423d,S043
IT_3a35076b83d7,S043
IT_f5799485cac3,S043
IT_20e5b6636fee,S043
IT_202a2a2dc207,S043
IT_eb596b17afe4,S043
IT_5c456fcda9b1,S043
IT_7628fc5c441c,S043
IT_eb7ce3908fca,S043
IT_f0d3e5dca25f,S043
IT_1b9c5d75bec0,S043
IT_c3693f46105c,S043
IT_ac1481862706,S043
IT_c374587fd789,S043
IT_6e25d16b8907,S043
IT_1f7a89051fc8,S043
IT_fa1c76f5de37,S043
IT_bc8d30e50d50,S043
IT_e056457d8cff,S043
IT_9bf4ccd2deae,S043
IT_a83230ad7fe3,S043
IT_ba5a24e861b0,S043
IT_b5958a2a1053,S043
IT_02e4a895f794,S043
IT_dc56a736e362,S043
IT_af4831f42f5e,S043
IT_11022f50d141,S043
IT_ec33990b1cfa,S043
IT_da4ef6960858,S043
IT_6f6291756b04,S043
IT_f94122689c42,S043
IT_df90e6bec6fd,S043
IT_d6886a769460,S043
IT_ecbf6acbf1bf,S043
IT_6bfcd823808a,S043
IT_52ac048b897c,S043
IT_9ce0acf00872,S043
IT_bf28105f8932,S043
IT_1e8bc713cc1c,S043
IT_47344caf223d,S043
IT_f84d5fa6dec4,S043
IT_9f8e9ba17460,S043
IT_85b8d6a508b3,S043
IT_4a765045263f,S043
IT_5fc4f7f17805,S043
IT_d4f1f5188b40,S043
IT_8fc08ba5d13f,S043
IT_1815d6fb566c,S043
IT_2fb97c309e49,S043
IT_50baf582bfaf,S043
IT_8bba6a63fb5b,S043
IT_9254d01dd6b6,S043
IT_78857dae2c8f,S043
IT_7559d89f5d31,S043
IT_c33233279024,S043
IT_083a6fdc30b4,S043
IT_c0c4d026dfb6,S043
IT_19c814518ba7,S043
IT_26d36d8be036,S043
IT_57bce3fa0df5,S043
IT_a875b15db748,S043
IT_0f64e8b21827,S043
IT_4edb28e05b35,S043
IT_c6a94fb7c455,S043
IT_b4c1818a16b6,S043
IT_e7dcb7b54e6f,S043
IT_a0dbe6faf8b2,S043
IT_338f58f59be5,S043
IT_f1b042db03f2,S043
IT_ee3b828abe73,S043
IT_642b3393210b,S043
IT_3ee4556a0fe6,S043
IT_54befd3ca3aa,S043
IT_3ae988bfc4b6,S043
IT_5c53c15c8be9,S043
IT_a1473d9d8518,S043
IT_34e0a394ef33,S043
IT_be398928ca09,S043
IT_470b6dff1c8a,S043
IT_fbaf177c5628,S043
IT_8d7780fed49e,S043
IT_567fb9908152,S043
IT_a6c52f28634a,S043
IT_3cc4bc8d7ecc,S043
IT_03eb82205816,S043
IT_fcb7961ddbed,S043
IT_3c9bb042ca26,S043
IT_1fbe226c7e66,S043
IT_a511dca53920,S043
IT_fcb90f339c7a,S043
IT_6b11d2eaf9cb,S043
IT_28e298910ad9,S043
IT_7a6b58cba330,S043
IT_70e718bde673,S043
IT_94142acf73f7,S043
IT_55858e9c3937,S043
IT_4aac60ea8001,S043
IT_bf4599cf192c,S043
IT_7f245c424294,S043
IT_af10cc5a5caa,S043
IT_d01f65bb061a,S043
IT_f1af84364f2a,S043
IT_66a060d42e8a,S043
IT_09f37b1bf7f1,S043
IT_7f174676f1b1,S043
IT_0b036a6781be,S043
IT_31b9a5013f17,S043
IT_84035941730e,S043
IT_754f2d8a0409,S043
IT_8dd48d4c9896,S043
IT_52e3d97cb0d7,S043
IT_b44a1c52669f,S043
IT_26e9a5a7e3db,S043
IT_754a8be111fe,S043
IT_21596c51d9cb,S043
IT_aee502b50e61,S043
IT_563af9f07321,S043
IT_9eca83c8a734,S043
IT_c84e93675d1d,S043
IT_ddde4160edd2,S043
IT_ede8edd12e68,S043
IT_7e26abf05385,S043
IT_ee8737353ffa,S043
IT_d443a3635bd8,S043
IT_d7afbf117e1f,S043
IT_ed4d4abba873,S043
IT_4a4451369982,S043
IT_c0c0ae58e42f,S043
IT_6b62c6b48ab1,S043
IT_7206ca3de27a,S043
IT_9aa5c9b1cc4b,S043
IT_29875c020693,S043
IT_342721c9f4f3,S043
IT_d782100ba1b2,S043
IT_05a18af605b7,S043
IT_49fecfc15326,S043
IT_a7ad0ad73f45,S043
IT_ade3093b63c2,S043
IT_3af291ef9e35,S043
IT_f437d09feb02,S043
IT_36a81670db57,S043
IT_03607e81fe67,S043
IT_9ddfa336f8f9,S043
IT_db92735bc6b3,S043
IT_a0cb60f47450,S043
IT_63471f282f48,S043
IT_4d29e5d76094,S043
IT_787782648766,S043
IT_d6023cc0707b,S043
IT_cfc5032541ad,S043
IT_29e1942edc59,S043
IT_4e2d34c76ccc,S043
IT_52a6a65f5be4,S043
IT_be345e1572c7,S043
IT_70b71ea2d52e,S043
IT_ea6e1a3771ca,S043
IT_36f31ce3c1d4,S043
IT_20477c378497,S043
IT_147ae7b762d3,S043
IT_531a91935d9c,S043
IT_c121dd21a48f,S043
IT_3daac595feeb,S043
IT_e6289bf6bad3,S043
IT_186ca20babe7,S043
IT_0deb296a7e87,S043
IT_775ac952de63,S043
IT_a69bad7b4d99,S043
IT_605b0735ae11,S043
IT_32a44ef2fde9,S043
IT_a1b9365802ff,S043
IT_8d396756ccc8,S043
IT_0b948caa672c,S043
IT_ab41dc64224a,S043
IT_d59e7d3aded3,S043
IT_023389cd6493,S043
IT_a2884eed3500,S043
IT_9ec305a3d5cf,S043
IT_d8598e418d46,S043
IT_250a44a114fa,S043
IT_8a6e1933ea1a,S043
IT_58530d2d1cf8,S043
IT_9e9a383dc46b,S043
IT_dd48195ae7de,S043
IT_786a24b8ddf8,S043
IT_4245a5aa5bb0,S043
IT_6eab1cb53d39,S043
IT_40f74a6226b6,S043
IT_7cd8b308282b,S043
IT_d2ca32df0269,S043
IT_214623a3284e,S043
IT_4765642c6d45,S043
IT_a6c7e5188e46,S043
IT_08b83e0b359e,S043
IT_f9662424e538,S043
IT_4c8486f9509c,S043
IT_d62ede825413,S043
IT_0c98f0d32e3c,S043
IT_4eeb3bf5b32d,S043
IT_9385ad3de5d2,S043
IT_924b8a9694c5,S043
IT_f48cdeeab167,S043
IT_c419bb8c5532,S043
IT_acc2f95c5c51,S043
IT_aeb6dc73c75b,S043
IT_f54880919b1b,S043
IT_51916fa6ab28,S043
IT_67933f407ba5,S043
IT_c767a27c12c9,S043
IT_90158a5b4866,S043
IT_a2c82e15390d,S043
IT_2928bc54fe37,S043
IT_baee464469f4,S043
IT_968774113198,S043
IT_c64c047eb556,S043
IT_80c66d34bfdf,S043
IT_a129392a15f3,S043
IT_fea72c99256c,S043
IT_c2edcc04e5fe,S043
IT_67b728672001,S043
IT_f965210e230f,S043
IT_72c3972a3b48,S043
IT_c219f4a1c3cc,S043
IT_d96fcafe81ad,S043
IT_30b8564f74eb,S043
IT_08845e2c4d6a,S043
IT_10a81b883d66,S043
IT_0ae32afed14c,S043
IT_99e68d3ca603,S043
IT_c731bad4f831,S043
IT_bc728c581cd3,S043
IT_1b2669b217f0,S043
IT_b7ee74bdb9f3,S043
IT_20ef88ef2b7b,S043
IT_21e726035048,S043
IT_4e3e39efb7a2,S043
IT_39f7d36ca226,S043
IT_f6f3d5a02432,S043
IT_7eae1068adef,S043
IT_e64015d6dc37,S043
IT_4853dd36e7df,S043
IT_ee350eba60e5,S043
IT_9d480a4310ca,S043
IT_94f92529e0f5,S043
IT_20a89aba6474,S043
IT_bdef83f234cf,S043
IT_d697f44f27a8,S043
IT_1b3939a9ee83,S043
IT_ea3f1a95ff57,S043
IT_6929d0540aab,S043
IT_02607b232d3d,S043
IT_fec568d3c580,S043
IT_4b552f7b87be,S043
IT_2f42afb2de73,S043
IT_5499c91dee1b,S043
IT_6528d6e96d1b,S043
IT_979b3ef1bece,S043
IT_ad807dde20e1,S043
IT_ba6fb92514c9,S043
IT_b6b03291c4d7,S043
IT_e8864366a854,S043
IT_f9e30bc718bf,S043
IT_53331f9b6e23,S043
IT_191818bca919,S043
IT_c76fa266f08d,S043
IT_6c9687c0ca3b,S043
IT_da52afdb5edb,S043
IT_177804a22dba,S043
IT_eb9fc662dafe,S043
IT_b877d4705181,S043
IT_8ed1818fbd8f,S043
IT_f077d45eeff8,S043
IT_a4c910dd4c79,S043
IT_a2f84d87324b,S043
IT_9eebde4178ed,S043
IT_7b9b0c731335,S043
IT_341eea5411cb,S043
IT_8b1f8708ae1c,S043
IT_8d0e40b79b87,S043
IT_b42b58dc5ba5,S043
IT_ddc6020d014a,S043
IT_b7a9f5a73a52,S043
IT_6fe5db37c9c1,S043
IT_bdb4c05c984e,S043
IT_598c97b330c6,S043
IT_1cf66fc32b6e,S043
IT_289f63535281,S043
IT_f594281e9391,S043
IT_07fa14162250,S043
IT_d6d98b77afff,S043
IT_0ca9f2a60554,S043
IT_3815267c8125,S043
IT_1ecec8f353c0,S043
IT_0fec9ca9443c,S043
IT_66e060250081,S043
IT_3da043250092,S043
IT_6e708566efc1,S043
IT_25c69aec41db,S043
IT_9e8bbd544854,S043
IT_6c7c93febd0b,S043
IT_8c3717a25382,S043
IT_e300bf24fda3,S043
IT_b3481e54db82,S043
IT_78762bc8233a,S043
IT_200f0c2a6f52,S043
IT_5cb5de5a7803,S043
IT_433c4c6537f2,S043
IT_d650e8907950,S043
IT_194baeb51dff,S043
IT_418e6c4f4a0f,S043
IT_5fdfec3a2239,S043
IT_c22f7a9c839b,S043
IT_9eeccc981c3b,S043
IT_546dd451d1ce,S043
IT_aff6f915fb73,S043
IT_a6065cff1347,S043
IT_93359263b748,S043
IT_6b22aa06482c,S043
IT_cd7f1d1ce303,S043
IT_ae845c9d0ecb,S043
IT_a09bad5de37e,S043
IT_7dffab8134f2,S043
IT_56bf95c38503,S043
IT_17a88881af6e,S043
IT_77983445e0e2,S043
IT_52fcdb8c5131,S043
IT_3fc7a2bff1e1,S043
IT_2428437e734c,S043
IT_9685d9ccee12,S043
IT_bef2964fc407,S043
IT_5290c95ccc13,S043
IT_fe44b00e60a2,S043
IT_f2958157b446,S043
IT_ee543a1fb75d,S043
IT_56435cd8f793,S043
IT_a7daf732bec7,S043
IT_08bf87031b35,S043
IT_16b7154906dc,S043
IT_58e71501d1d6,S043
IT_395cc7670976,S043
IT_87dfa863c0a8,S043
IT_0c9fd48af60c,S043
IT_42affa6f0e99,S043
IT_a47fc8857a1c,S043
IT_563d4f363977,S043
IT_1fcd9c374db7,S043
IT_05844a1c02bd,S043
IT_96687324d9e5,S043
IT_01c674cab30d,S043
IT_ba508b08fb0e,S043
IT_3e7b434ad32c,S043
IT_2785f11eb753,S043
IT_a6cbaa628c38,S043
IT_0247a164ac48,S043
IT_c3df826c03e0,S043
IT_bc22297b55c2,S043
IT_5eb578a20678,S043
IT_bb6a3c27f959,S043
IT_dfd7facb32e9,S043
IT_90f1ce45210e,S043
IT_2bc078d09b44,S043
IT_284c1a26cfd2,S043
IT_12d312b0cd8f,S043
IT_e50aefc6704e,S043
IT_ac411bd0938d,S043
IT_b81323abd6f5,S043
IT_88474a2fb55f,S043
IT_ff3c5a989d1f,S043
IT_cae3ca1e5252,S043
IT_827eb34be4c7,S043
IT_e90d1eaf2e11,S043
IT_d0f417670b43,S043
IT_8e5672765f25,S043
IT_65f9db63a0b0,S043
IT_67f867482023,S043
IT_db0bdda97664,S043
IT_b8abd3daeadb,S043
IT_d34373cadfbb,S043
IT_de43d363cd1b,S043
IT_c4a682eb6def,S043
IT_739551152b2e,S043
IT_faf7835402ec,S043
IT_4de9313d4b1b,S043
IT_6be0fefb4916,S043
IT_77d529de1d73,S043
IT_fe5c9ed132a9,S043
IT_e42ecf857ecc,S043
IT_ff7d33743f64,S043
IT_8230a2c57ad0,S043
IT_c13fb53c4eae,S043
IT_ebb01e9262ea,S043
IT_000523b7f62b,S043
IT_6ec99ff3c590,S043
IT_3e03c1b657e8,S043
IT_b5d3fc79cfea,S043
IT_dede9e237d34,S043
IT_2f3e7cc359d2,S043
IT_b3c9b38e412e,S043
IT_9a2ed94e22bc,S043
IT_da4b5245fbcf,S043
IT_5be0e774cac4,S043
IT_0c4d8936b7e5,S043
IT_92e46c440cb7,S043
IT_6e421fd84925,S043
IT_c949a8a5cd1c,S043
IT_36a8ef1a827d,S043
IT_ca7727a12422,S043
IT_e90401f39338,S043
IT_8731075aa864,S043
IT_bb8106693fc7,S043
IT_b2d95a0ef161,S043
IT_bdf54ef4908d,S043
IT_347c4f54a2a2,S043
IT_c3a9e9ca7b25,S043
IT_e671b2e3a18f,S043
IT_3096ba39f1f3,S043
IT_b8b4cd3cf139,S043
IT_843691f11466,S043
IT_22e52aaee85c,S043
IT_e12fe673de16,S043
IT_81db34b3e651,S043
IT_d54386c57268,S043
IT_38f49f5d1308,S043
IT_7313771cc1f8,S043
IT_5afb393c6a30,S043
IT_11ac83a6bad8,S043
IT_9c64cb359839,S043
IT_c8d9359ec4ca,S043
IT_dd70434caf2d,S043
IT_28b940aa0f00,S043
IT_37dbba286c2f,S043
IT_9130cdccba1f,S043
IT_c55577cc5f6a,S043
IT_05bc18b84416,S043
IT_184e95f3181f,S043
IT_bfda93eda9a1,S043
IT_4351414c9b0a,S043
IT_86d70b7b7507,S043
IT_cde11455223f,S043
IT_183de4d4b192,S043
IT_a9230c794c4d,S043
IT_e0012cffe71a,S043
IT_6a8596067745,S043
IT_f723260f9bfe,S043
IT_75298e5ac55b,S043
IT_4c6cd570df50,S043
IT_6bbe0b227ef6,S043
IT_db4679cba9c7,S043
IT_e66abc03b6ee,S043
IT_1915745d83b6,S043
IT_208cff453e71,S043
IT_9aac1fcf8143,S043
IT_1cb7aff70933,S043
IT_cb1dcc6d0f5a,S043
IT_568adbcd672e,S043
IT_7bbd14b53d47,S043
IT_36e2ce980c37,S043
IT_f6284d519829,S043
IT_602ac5f41193,S043
IT_69e32e201d82,S043
IT_5b2d550097b8,S043
IT_3e9959aa3889,S043
IT_96d382890d0e,S043
IT_bf1f17554cb9,S043
IT_7f2bd16348f1,S043
IT_51ce1e1c9f12,S043
IT_07aa9920c1ca,S043
IT_d954eac5a0c1,S043
IT_4632407f3c75,S043
IT_bb057ddf3946,S043
IT_98cf9c960791,S043
IT_41ddaa4cab8f,S043
IT_7227fa742dc5,S043
IT_e905fe948496,S043
IT_b1024883b859,S043
IT_3702ceefa454,S043
IT_1c1769ad2994,S043
IT_47a77acef51c,S043
IT_a36a107a73eb,S043
IT_2cad0c7f61e7,S043
IT_73e2cc68e94d,S043
IT_7964dc18c816,S043
IT_2a8fd36b01e3,S043
IT_b2ed08b85984,S043
IT_e2081bcf6097,S043
IT_2324abb8afea,S043
IT_edec879e71c8,S043
IT_22fc2e5d7d22,S043
IT_39e707a6a740,S043
IT_d0cbeafc6319,S043
IT_32d01f2693d3,S043
IT_d6b9905da5c4,S043
IT_b602cc0c7c19,S043
IT_77d70e220a8e,S043
IT_09de2ef36b0a,S043
IT_d07c04bc5830,S043
IT_834b8446bd3d,S043
IT_b38df08f7e4d,S043
IT_7a0acf2c008f,S043
IT_c085a08873e8,S043
IT_ae1152f00322,S043
IT_75ce1dffbd02,S043
IT_1631b301a19a,S043
IT_593573990489,S043
IT_550dbbbb00b6,S043
IT_7d051cbf9b71,S043
IT_0aa38a25c515,S043
IT_595a0d1baa23,S043
IT_3c6d7a9e8fb0,S043
IT_00e43133a727,S043
IT_4286ec1c6853,S043
IT_80b8c1dc275f,S043
IT_b0401482dcd8,S043
IT_5dac44286540,S043
IT_4e94d1454cd2,S043
IT_6c0797863389,S043
IT_6276667956c8,S043
IT_49b6df4a7f69,S043
IT_fd41d174a8de,S043
IT_e93b5ac2859c,S043
IT_cfb1990726cb,S043
IT_d5e317c753a7,S043
IT_2e600fdd5891,S043
IT_75e5fd5de185,S043
IT_43a5aa493f98,S043
IT_56d5c750e51b,S043
IT_e5d0645595f0,S043
IT_2aa33df9a3c1,S043
IT_b424804dab56,S043
IT_3f6206811dd6,S043
IT_41a99c61566b,S043
IT_4cddadea7dd2,S043
IT_661e5c8592d0,S043
IT_c809835f3155,S043
IT_141d76fbe40a,S043
IT_b071a877a8a4,S043
IT_ee080ea07d22,S043
IT_890d326c34c4,S043
IT_3dcd95317353,S043
IT_9f51b478cd59,S043
IT_cbc631ffd0a9,S043
IT_cd41b392e09b,S043
IT_d471a137caa4,S043
IT_60629d85c949,S043
IT_f8ec13f72ef4,S043
IT_710f59fd7172,S043
IT_308096d3eaae,S043
IT_441ebcb37f14,S043
IT_8740fe3f2805,S043
IT_1f2180bb9dae,S043
IT_25866e4ab11c,S043
IT_17370a558ad5,S043
IT_af53f319b46e,S043
IT_1c3db4cf6c67,S043
IT_e81d5220098d,S043
IT_ebf87cf636b5,S043
IT_bec24bc2f2ff,S043
IT_e84c927abdb9,S043
IT_24eb4f79350a,S043
IT_e827f75184f9,S043
IT_876f9acac6c7,S043
IT_bcccc49684a5,S043
IT_7cf9d361cbf8,S043
IT_71dbf5c974c1,S043
IT_5d1a66c621c8,S043
IT_874081eece5e,S043
IT_cdbb6dc48780,S043
IT_0a5e0f8c6dc8,S043
IT_76018ca2c59c,S043
IT_ded894dce490,S043
IT_b6b09e299dc3,S043
IT_bd11e4368b52,S043
IT_8773e67a5f9e,S043
IT_b4e4b1aa9a03,S043
IT_d34eac26e581,S043
IT_83ad05412324,S043
IT_23e2202c77f6,S043
IT_914d1389f1d2,S043
IT_2e28b08dc67b,S043
IT_170cb3edbea1,S043
IT_8036d58d178e,S043
IT_7e19dc908f55,S043
IT_46a9f8bcdb54,S043
IT_7e8f59bd04d6,S043
IT_014089b14aab,S043
IT_2d339fc98a4a,S043
IT_46fe3e2769ea,S043
IT_66cd8d3c9888,S043
IT_e3de9a4eae39,S043
IT_5ce54ff0ba86,S043
IT_0adab5ecc26f,S043
IT_d94608e6cf80,S043
IT_b5b432827438,S043
IT_acb21bca1dc9,S043
IT_9f615f31c2fa,S043
IT_876a19cfd2c4,S043
IT_4779729bc59c,S043
IT_25b2fd239172,S043
IT_a3638767b2f5,S043
IT_4bafcabf632c,S043
IT_87120360e067,S043
IT_96541332c077,S043
IT_f4f70cb78f9d,S043
IT_75dcdc23a5ba,S043
IT_7b3dc85ba6f3,S043
IT_79e4a592bd52,S043
IT_e09b6fee5cac,S043
IT_109aef89dcc6,S043
IT_19372f00bc8f,S043
IT_4e4cd876f91d,S043
IT_4bb5a204194a,S043
IT_1d2e5631b84d,S043
IT_586254d4a564,S043
IT_fdc2a539d0e9,S043
IT_6ee3d796548b,S043
IT_08e2082ecba5,S043
IT_0d1a8d64049e,S043
IT_a2959e32d360,S043
IT_fefd20c530d9,S043
IT_cd4ad228dc5a,S043
IT_7a52d8b46d19,S043
IT_c057296dae53,S043
IT_2310bbdffed7,S043
IT_badedb4a88f9,S043
IT_c363e85667ad,S043
IT_cbeef6387b1b,S043
IT_8e08c29b546a,S043
IT_c3d86c178320,S043
IT_e35540d47b44,S043
IT_aac09e3b07bb,S043
IT_99e015239d17,S043
IT_24175f2a1974,S043
IT_529f0fd0c4d2,S043
IT_8ab6d4775b68,S043
IT_f291bb93c794,S043
IT_71f5b2c3adc0,S043
IT_48750b830c34,S043
IT_4b6f0809a6d1,S043
IT_086e59556d81,S043
IT_e55d25212ed6,S043
IT_2f6c527de4d6,S043
IT_1bcf89488986,S043
IT_2fb8ed4511eb,S043
IT_14a8882f0684,S043
IT_9f37b46c4910,S043
IT_80c0d7067a7c,S043
IT_fbc8bcc557f8,S043
IT_2b896d8e02de,S043
IT_ce2181119e95,S043
IT_553c0f583426,S043
IT_dfd1a958819f,S043
IT_178927bb1e12,S043
IT_43b57c11dea9,S043
IT_99214bc17bbd,S043
IT_7c9fa86bf03e,S043
IT_e568a4cce48a,S043
IT_883d9493ac3b,S043
IT_b60edec097b1,S043
IT_afc625cde764,S043
IT_1d599e819742,S043
IT_eff4bc3e2aac,S043
IT_c121a48d4c9e,S043
IT_399f933a8705,S043
IT_2557edd2dbdc,S043
IT_b83ba25a50a9,S043
IT_f2c4da051fbf,S043
IT_353ce8da308d,S043
IT_004bbab5f4a3,S043
IT_aa2420eb3af2,S043
IT_2b28a8d4673d,S043
IT_83d25183c4a6,S043
IT_c24ef141d570,S043
IT_bc663f8fc68f,S043
IT_88fac776193d,S043
IT_e7a45af2538a,S043
IT_bf38ef9e8c62,S043
IT_86c1a026e2b3,S043
IT_3032b1d32c48,S043
IT_4dbbe2768464,S043
IT_6188e5463db4,S043
IT_672cae39f241,S043
IT_f8634ccac826,S043
IT_b41293a4fc5a,S043
IT_42b09cea6725,S043
IT_06d73068f192,S043
IT_bb7598117ca3,S043
IT_429300814567,S043
IT_9f853134d7eb,S043
IT_51b8a157798b,S043
IT_d475812fc6f1,S043
IT_a01c6cdcf89c,S043
IT_ef6a2a50d0c0,S043
IT_5de7067e171b,S043
IT_cfdeee122057,S043
IT_76128fe29e93,S043
IT_26f3c1486e9d,S043
IT_08032f3ee60f,S043
IT_de9b049c808a,S043
IT_c52e57aa568f,S043
IT_ad76b667486d,S043
IT_a10cdcd2029f,S043
IT_780577f900e9,S043
IT_8a92e8665b6e,S043
IT_1c4721def8db,S043
IT_20d2752ef205,S043
IT_fdc623f51bf2,S043
IT_505e198aa0dc,S043
IT_973cf1ecbea6,S043
IT_fe424f4599a4,S043
IT_0fbce967ee40,S043
IT_5dc2236ad67d,S043
IT_b15377e63240,S043
IT_2e1b3093fc00,S043
IT_9b2bb4496c2c,S043
IT_4a7c731ab608,S043
IT_3dedba1a3358,S043
IT_f4c9723f247c,S043
IT_7b43b7c278d8,S043
IT_ed5adde77d7f,S043
IT_974b1b0f0967,S043
IT_bd6a3ca69684,S043
IT_ec19060c4651,S043
IT_15de0b3b5816,S043
IT_699fba515ca7,S043
IT_07e2a57ecf82,S043
IT_1c3ac8ce6b7a,S043
IT_728ab8ef5e42,S043
IT_6475f86ae794,S043
IT_43aa0e5b4639,S043
IT_15fa6eb8d1a2,S043
IT_039a62c1a012,S043
IT_c1ced43b5cd1,S043
IT_04dc6b6cb842,S043
IT_d8a1066f0701,S043
IT_d59412ca73b3,S043
IT_51e4916941cd,S043
IT_f93f35dcedf3,S043
IT_536fd2a9c702,S043
IT_1cebdb1fb16b,S043
IT_d3cf2e81d104,S043
IT_97886f30005c,S043
IT_1b78ff8b38d4,S043
IT_ac2f56ad1184,S043
IT_66df00d4677f,S043
IT_44239eb8e036,S043
IT_91dfd60c2eeb,S043
IT_9f190599b147,S043
IT_aa1c80df5e61,S043
IT_c6acc23192b3,S043
IT_86c0d3cdbbdd,S043
IT_8d8a174f65a8,S043
IT_c855e7acdf0a,S043
IT_ecc8fc0abe0a,S043
IT_d1dcf6f0c9c5,S043
IT_b900e79c27bd,S043
IT_972ff98ebf08,S043
IT_e49898e1cc14,S043
IT_e5488a575706,S043
IT_4c6b560d23a7,S043
IT_7d5746dc29f6,S043
IT_dd172f52f4f7,S043
IT_2d23eb2f551f,S043
IT_95cdb8a0c505,S043
IT_88d6019f1e29,S043
IT_d5ae5e710774,S043
IT_dbfd7f3866a9,S043
IT_9512e72eb55a,S043
IT_6db59a93685c,S043
IT_fdcc69e51821,S043
IT_4c18dd8bad9a,S043
IT_7d2264f316a3,S043
IT_25e7eaf5d296,S043
IT_b70714dca4b5,S043
IT_92c871a14689,S043
IT_6b78ac0923f8,S043
IT_3296f3313f7c,S043
IT_1e826be02b81,S043
IT_959c661f65be,S043
IT_129382158b0d,S043
IT_457f10151da0,S043
IT_904007e501da,S043
IT_41476a464f62,S043
IT_7d6afdf9eb24,S043
IT_db6e68445312,S043
IT_6d1035ff73ba,S043
IT_377bd7dd4192,S043
IT_840b0e0e4310,S043
IT_7260996f447a,S043
IT_3ef0dba563c1,S043
IT_318ba143132b,S043
IT_d32215f0d363,S043
IT_8cd3fb2f7271,S043
IT_e35604d20c5f,S043
IT_0a04b38ff97a,S043
IT_b82e9fd1253f,S043
IT_2cc721e7dc8e,S043
IT_74b859b48f45,S043
IT_cc06768389d6,S043
IT_ccc2f8239be4,S043
IT_0684d7b64b49,S043
IT_370d5c7b0835,S043
IT_c49b8191c941,S043
IT_a688f994535a,S043
IT_56d7cad72216,S043
IT_0f2d82aea060,S043
IT_a1b6122352a7,S043
IT_1a6f46133baa,S043
IT_328423d1889c,S043
IT_ab131d61c73e,S043
IT_c6fb4d8ef069,S043
IT_1c96a5e6c3bf,S043
IT_9b0262fb6764,S043
IT_0000baa811cc,S043
IT_661646840e84,S043
IT_1882e726ea3c,S043
IT_1e07b4bd8854,S043
IT_42945b9b5146,S043
IT_ac64ad646a8a,S043
IT_e3c4002db760,S043
IT_6eb3a1636ce0,S043
IT_1766b1ad4177,S043
IT_36fecf4c7c79,S043
IT_5b64f45bfe57,S043
IT_0c493287fbcf,S043
IT_5f43345458e9,S043
IT_d14fecd0abd3,S043
IT_140d710ac28b,S043
IT_f0debd4e920a,S043
IT_cbc1dee8dd6a,S043
IT_2102aa084eb2,S043
IT_bbd56eadfd73,S043
IT_022e5eec6c83,S043
IT_611e016de49f,S043
IT_b96d467700d2,S043
IT_d260326be344,S043
IT_c7d5b7413210,S043
IT_7de67df2ed05,S043
IT_ad5de58b1308,S043
IT_f6bb83a35dfd,S043
IT_cf021f521e5c,S043
IT_3d317fbb42b2,S043
IT_78cbea20fd6f,S043
IT_981316de5e0c,S043
IT_c16f43bc6bcf,S043
IT_c3f897a8d9a1,S043
IT_22f0073ef425,S043
IT_9438b50cb5e3,S043
IT_da4d8b146de4,S043
IT_9ac2506d109d,S043
IT_ef13c9e9d966,S043
IT_fb017d2b5c09,S043
IT_05e92f9aef6b,S043
IT_05dfe52a50ee,S043
IT_97798c65dafe,S043
IT_af64485829b0,S043
IT_1578f9f7f02d,S043
IT_56bae6d257fc,S043
IT_a864cbc1e61f,S043
IT_5ba8fa2167e7,S043
IT_2997c589b4bc,S043
IT_d36fb9ee567f,S043
IT_17c9b0e1189e,S043
IT_4d6bebc2b1e1,S043
IT_dc240d4042ac,S043
IT_9b10b6f25735,S043
IT_7656c8e524b3,S043
IT_046357c61f9b,S043
IT_77c8366071e7,S043
IT_c9c2349c2631,S043
IT_ba333599c164,S043
IT_7764819cdebf,S043
IT_27af8786fff0,S043
IT_22f13b4e89a2,S043
IT_749b1f2a62b7,S043
IT_5bc31731d5be,S043
IT_a75f3c1eb9b1,S043
IT_7fe0a64dc371,S043
IT_05bc7b6b00c0,S043
IT_e001b914b466,S043
IT_3748664ec17a,S043
IT_8809170f29b6,S043
IT_218916a597f5,S043
IT_92e124a8ab7b,S043
IT_97de35df0685,S043
IT_6bf0567d02ae,S043
IT_d8f1f10c7aeb,S043
IT_3bce27d84c16,S043
IT_1c19a9b6d7c6,S043
IT_623ed5be7b0e,S043
IT_5654ed920d95,S043
IT_6643e643514f,S043
IT_0679d46be366,S043
IT_3979b4416f3b,S043
IT_0837305922b4,S043
IT_f6678b67b024,S043
IT_733f6d6a56ce,S043
IT_685720919362,S043
IT_908a0b7e7fa8,S043
IT_e7a3c095043d,S043
IT_73cf130e8d48,S043
IT_e0c571f78f6a,S043
IT_b3476eed4080,S043
IT_e9c5b7dc599a,S043
IT_179b9e5c3f8e,S043
IT_50828807ec9f,S043
IT_1dc0a0cd16bd,S043
IT_eaf5c610e6af,S043
IT_5b36b394ecc5,S043
IT_9edbcf7f3038,S043
IT_08a569eebbd4,S043
IT_b8409b176259,S043
IT_e65fc203d584,S043
IT_75c8711477a9,S043
IT_136cd26ee6b2,S043
IT_90be4bfcc24a,S043
IT_da9e341e4e73,S043
IT_759cd592bc97,S043
IT_a64f52bbaf8f,S043
IT_f53b137dd148,S043
IT_fc46a66871b1,S043
IT_6075a02329d4,S043
IT_b3a2e41e4e55,S043
IT_7401e67441fe,S043
IT_26d540c1ade3,S043
IT_080ec9b5e705,S043
IT_71ae64ea247a,S043
IT_187a97f1d448,S043
IT_240329b7ab09,S043
IT_bb6fc3b743c1,S043
IT_7b71acd7b8ba,S043
IT_9389add13223,S043
IT_8284f2dc690c,S043
IT_a7a1c4bedef2,S043
IT_c325107125da,S043
IT_4d79f2c6a704,S043
IT_90164cf91446,S043
IT_1186b92085de,S043
IT_872baace6564,S043
IT_ec73c9221d77,S043
IT_c00022365cca,S043
IT_1cb0320edac8,S043
IT_fe1fefc7dbb4,S043
IT_00de198deac7,S043
IT_6ead6f1fb142,S043
IT_5d54991d5877,S043
IT_31fc417a0c51,S043
IT_81633d959a28,S043
IT_c7fee3ce30b8,S043
IT_fefff39efbb5,S043
IT_c41c6b919334,S043
IT_68d54feee3af,S043
IT_617ee07694b1,S043
IT_2b8e02cf8a19,S043
IT_eb5f40262aa2,S043
IT_c63725275618,S043
IT_55e1abee036e,S043
IT_fcc87c00d07e,S043
IT_8c37ebf81f69,S043
IT_87133abfc30b,S043
IT_f51f853558a1,S043
IT_110ab1807e73,S043
IT_49a5f1cff001,S043
IT_b10828095c71,S043
IT_3d3144ec2d8a,S043
IT_cfc282896712,S043
IT_3d19dadecd7e,S043
IT_e975aaef6275,S043
IT_a64b8ad5f93d,S043
IT_adb2ea64fec5,S043
IT_167fa09202e8,S043
IT_cd108a7978c4,S043
IT_4c87e274d461,S043
IT_0291a2826a05,S043
IT_d4fd679f7996,S043
IT_170f45e2d1d8,S043
IT_968c9a798cde,S043
IT_0ef39c1ec35d,S043
IT_e61f08f0b40d,S043
IT_28793e909aa1,S043
IT_8385301b3fb0,S043
IT_c2fb3205f606,S043
IT_8e2739bb8a1c,S043
IT_e71e345b94ef,S043
IT_889a7319c465,S043
IT_0f16edc8e74b,S043
IT_0a277d76c716,S043
IT_bbea2dde9847,S043
IT_a369d8d615f2,S043
IT_651d7d6d46f1,S043
IT_df77b8ff5ece,S043
IT_8d210cba9e7b,S043
IT_aa3438c505dd,S043
IT_0af766e52bcf,S043
IT_4fddbdaa2d6c,S043
IT_373b12e72964,S043
IT_7d22d85b4eab,S043
IT_20ea8e6f48c9,S043
IT_4aca68d02688,S043
IT_9d79fac0d60d,S043
IT_75cd9e846177,S043
IT_fc1362160c32,S043
IT_a86fe9348837,S043
IT_b5f204d0e055,S043
IT_22ef45ac236e,S043
IT_05b0f6262087,S043
IT_7b6c885389b3,S043
IT_fa024ebdcf42,S043
IT_25eec7b1784e,S043
IT_2803d79a8f4c,S043
IT_35b56c691779,S043
IT_39fd1519e0cb,S043
IT_a45e682b42f8,S043
IT_b9332e4ac0cb,S043
IT_660695bafcf1,S043
IT_2e7e77194b19,S043
IT_1eb4e42d5e0b,S043
IT_85a4dd0697ac,S043
IT_26f407b15572,S043
IT_b3d58ff4676c,S043
IT_9187b8ad425a,S043
IT_6d826dc06694,S043
IT_a41e4f5e0716,S043
IT_18e3dce76086,S043
IT_a4fdbf5524ab,S043
IT_ea9d53d15656,S043
IT_99540914307c,S043
IT_dac2c492ee49,S043
IT_fac3fff12ae2,S043
IT_f73250fe339e,S043
IT_b1b600198db7,S043
IT_e0d66c1290f8,S043
IT_7eb3a3ee2c4f,S043
IT_e73c9e02aead,S043
IT_8397c9d3c2b5,S043
IT_973ec05b8626,S043
IT_27712ab1f498,S043
IT_8a7881192c1d,S043
IT_946cfac217c2,S043
IT_90ec92b4816f,S043
IT_902204fd6ba8,S043
IT_bd0775355e65,S043
IT_84feafc6360c,S043
IT_0f769ba42bf4,S043
IT_65b3e62be858,S043
IT_ae74a62867a7,S043
IT_c113f03226c6,S043
IT_9c6dca19bfee,S043
IT_cea19ec97c40,S043
IT_71f5d809fecf,S043
IT_4d5ba35222a2,S043
IT_17aee59b7d9e,S043
IT_f185cc880f89,S043
IT_b7e94dfc5735,S043
IT_942a4a99f04e,S043
IT_b83277950ecf,S043
IT_e32c21ca8810,S043
IT_da04647a2ea8,S043
IT_abb0b7b17275,S043
IT_3a09479ded67,S043
IT_fc3665c156be,S043
IT_414692082331,S043
IT_3f45dd315653,S043
IT_2bf762ed449d,S043
IT_e97e61051260,S043
IT_e0bfe4262318,S043
IT_5f6372e26b5e,S043
IT_6012972f0c32,S043
IT_7d518b00bc86,S043
IT_f49d3ae13f85,S043
IT_b0a3164f64fa,S043
IT_c77081d07b16,S043
IT_2590b2f96777,S043
IT_71205da9405a,S043
IT_03c281e4d153,S043
IT_669464add02f,S043
IT_eddd60d3d104,S043
IT_b496bb11249a,S043
IT_269360af6436,S043
IT_0d764995473e,S043
IT_5ff518cb8e41,S043
IT_7808f0de03d9,S043
IT_c601e2314e3b,S043
IT_c311d2fab51e,S043
IT_6519f240b10a,S043
IT_3a92a07ba3e4,S043
IT_69aecebd906e,S043
IT_1f867b3e4969,S043
IT_17b600f76c15,S043
IT_5e106a4363fa,S043
IT_d3b001362d73,S043
IT_a9b5eb3b6ac4,S043
IT_fb202a16d048,S043
IT_eac05070d26d,S043
IT_51342708f86e,S043
IT_af32ffb3dfcd,S043
IT_0af21b49e72f,S043
IT_572a891899e1,S043
IT_f482b1546d87,S043
IT_3f6a0224cb1f,S043
IT_49acb23869e4,S043
IT_3939517e7e8e,S043
IT_1ab26ff8d1a3,S043
IT_df477e170205,S043
IT_0e2ecbabcb88,S043
IT_500985904ba5,S043
IT_24a7fccf1ba7,S043
IT_ab635c0dc69b,S043
IT_af0421c080a4,S043
IT_8506b0741848,S043
IT_a83644bcc683,S043
IT_3403da1cd1dd,S043
IT_902edc9bae2d,S043
IT_febc85c38799,S043
IT_f031f96547ec,S043
IT_dca854a77bd9,S043
IT_ce6f3e75264d,S043
IT_a2ae72f77c4c,S043
IT_adf29ef91a9c,S043
IT_c4793c6233b0,S043
IT_58d8d8240711,S043
IT_cb87a8bf6b1c,S043
IT_635376316bf9,S043
IT_4ca6886567dc,S043
IT_6c56d5026d2c,S043
IT_de442a59b1e1,S043
IT_c0dc9c59ff6a,S043
IT_fd6e48ce5595,S043
IT_7b70e3db6195,S043
IT_9afda9842822,S043
IT_d55308db34b9,S043
IT_69ab732a0588,S043
IT_9c1ad1ae9ce6,S043
IT_9c3f8891a962,S043
IT_fbc04140f34c,S043
IT_093116ca231c,S043
IT_95e210ada9ef,S043
IT_28288b5d7b36,S043
IT_d00bdd7fe524,S043
IT_474edb449917,S043
IT_61bafa75f5d7,S043
IT_79e634e3ec2b,S043
IT_ab424a63f45d,S043
IT_3ab9afbe5124,S043
IT_bdd97383fa54,S043
IT_584ce16de4c5,S043
IT_6a55d9c015f2,S043
IT_331f07587068,S043
IT_c0a9df46f639,S043
IT_b33fa890db8a,S043
IT_18173ae6bdee,S043
IT_87f74bfcf02c,S043
IT_10c2dc148eeb,S043
IT_6b4d658c1140,S043
IT_628bffe01c1e,S043
IT_4aafb79c53ba,S043
IT_477c53470e92,S043
IT_a50c4a9f782d,S043
IT_c61fa92aa384,S043
IT_62c2046fdcdc,S043
IT_9fd15374eae5,S043
IT_9e9b65466e8b,S043
IT_223f792d2188,S043
IT_bbe3c96f3ac2,S043
IT_a4bd38e7516a,S043
IT_2f581c73d708,S043
IT_97f988cdbc11,S043
IT_12cd37be4dda,S043
IT_9310b9161e86,S043
IT_8f838902bec6,S043
IT_7e7b1d5984c7,S043
IT_ec2f46b4fc94,S043
IT_b0c53492bd0c,S043
IT_ee1a14157715,S043
IT_1495f13e69d0,S043
IT_173331c35576,S043
IT_197f7dcb60d1,S043
IT_05788e2677ad,S043
IT_ee69e1339974,S043
IT_34cb3946b66b,S043
IT_5591c36cd957,S043
IT_08425a6d4628,S043
IT_3cc7c7463dff,S043
IT_abf42082bee9,S043
IT_803d12d02d0e,S043
IT_58a93494b386,S043
IT_2acf744bdeff,S043
IT_783cbbc9df5b,S043
IT_45287f34bd7f,S043
IT_9931302d95a9,S043
IT_f3d1e08aeeec,S043
IT_e32bdb31d40d,S043
IT_6053e5327e80,S043
IT_186e00627e78,S043
IT_4d5d195b10fa,S043
IT_b463a2f03ccb,S043
IT_cbfe457ed5bb,S043
IT_7ddbfac165bb,S043
IT_4501933d721e,S043
IT_f27e9060ec87,S043
IT_a189669aa710,S043
IT_90cce182c00f,S043
IT_023260dba169,S043
IT_ba9eaf7f2f6e,S043
IT_1b0656009729,S043
IT_e3dd140c1e15,S043
IT_08fe012338c2,S043
IT_f1e437dba543,S043
IT_f71ca140b964,S043
IT_46acbff2869f,S043
IT_d1e841c78b12,S043
IT_dd7bad3cd179,S043
IT_004f85697094,S043
IT_f6dec61d5024,S043
IT_2d8c438dcbca,S043
IT_156c5638b8b2,S043
IT_6fd7965a51c5,S043
IT_f890cbb23f87,S043
IT_876516c19c51,S043
IT_d4ce3b056217,S043
IT_05e4efff1646,S043
IT_e574a67f4e67,S043
IT_e8bc2489d315,S043
IT_e718edc523d8,S043
IT_bfe81da8cf03,S043
IT_373b539da1a5,S043
IT_51b223852a45,S043
IT_184cf0d76c69,S043
IT_249c6a4fc81c,S043
IT_7dcd867e1022,S043
IT_bbdea9906aca,S043
IT_54cbf86edeb6,S043
IT_81814db714b6,S043
IT_9e6a962f7288,S043
IT_0e589616b61c,S043
IT_7113004202b8,S043
IT_c7115bd2ceb3,S043
IT_861352ad0a33,S043
IT_f2cca8f7f86e,S043
IT_5b649e6712b8,S043
IT_97ed0ae841ae,S043
IT_c8f73d7c93a4,S043
IT_3078fe83741f,S043
IT_71c30e9392c6,S043
IT_248adaa42650,S043
IT_3653d84bb841,S043
IT_fd927be1731e,S043
IT_27850b3067e3,S043
IT_016da896d4eb,S043
IT_3fab6a9ecb90,S043
IT_abb1a3f155ab,S043
IT_5982907ebb35,S043
IT_5b23bb1589b8,S043
IT_12ff7c70e6c7,S043
IT_d1de95967320,S043
IT_01460370cbbd,S043
IT_fc9d58de0e23,S043
IT_7ee35f3ffd20,S043
IT_acdd704ea8d0,S043
IT_7e0045310d7b,S043
IT_5459e54c1f05,S043
IT_f2011cc17364,S043
IT_289fd5aa86cb,S043
IT_95964f67896f,S043
IT_d9ff6057f4a3,S043
IT_9c0456d0dc4b,S043
IT_f8121f8ebd58,S043
IT_3cf62dca3901,S043
IT_a24ab9f6a6fe,S043
IT_a7a89c9992c7,S043
IT_609fe4372b34,S043
IT_b3de6dd19fd9,S043
IT_928c57afd875,S043
IT_95f76a5f9c7b,S043
IT_a69048075e2d,S043
IT_022f8b9df373,S043
IT_72c373aef2c4,S043
IT_bb8f9a759c9f,S043
IT_89b3f6a76954,S043
