item_id,symbol
IT_46322193b302,S071
IT_a4b78ffb4356,S050
IT_a31990395fc6,S022
IT_547440adbc27,S061
IT_2f0ff4d9c33c,S007
IT_0dcd01f51c66,S018
IT_bef8ef48989f,S090
IT_1aef6cb9cd76,S109
IT_a91193c73a6e,S065
IT_d59e8642f329,S073
IT_c3fef8a3a76d,S022
IT_3204f37643d6,S033
IT_20040188a162,S116
IT_49129038750c,S007
IT_a7b95f918d18,S114
IT_31f89120e10b,S112
IT_73767fcf9597,S091
IT_c09ac2b481e9,S101
IT_d707c23fdd86,S102
IT_ec42b861ef9f,S052
IT_abdc19e07580,S102
IT_63af29787f9b,S024
IT_6ebd2739fb74,S006
IT_bd7dcd9f1f8b,S012
IT_e99aa47f68f7,S088
IT_1666a626419c,S111
IT_2501ddaa226a,S001
IT_f5cf4e433806,S101
IT_2fa94f713fb9,S110
IT_dda70659f241,S101
IT_7b22b371565f,S111
IT_91989b1de36a,S101
IT_b39b3dcf60fb,S016
IT_ed21f05e1f65,S085
IT_9213ec36d8f7,S121
IT_c8030ca0ba7f,S043
IT_69eba63ddce5,S022
IT_94fe87669434,S108
IT_dee809532d1f,S101
IT_ca3d60f81248,S124
IT_01786d10b85f,S056
IT_7cdee657806f,S102
IT_9fede4bf7f79,S006
IT_2d9285317d78,S043
IT_d6ea443ddcde,S102
IT_082096196f98,S004
IT_c1ff3bbbf710,S073
IT_70de0eb52423,S086
IT_0f74cb65a2fa,S004
IT_0a3757f2c690,S027
IT_a33c427c98eb,S037
IT_011bbbc28ea6,S043
IT_3847b8f350e3,S046
IT_a43ac18db895,S046
IT_1dbd4ffc4cb9,S046
IT_3b8c910f3f9d,S019
IT_61a96e5378f7,S117
IT_758ffb6c5027,S006
IT_649b365279b3,S043
IT_3321823d7493,S014
IT_181547b91bd4,S049
IT_cf13c84b24b2,S018
IT_68777426a612,S121
IT_0310394cbf2e,S125
IT_41854fdd6ffa,S007
IT_b09e09153b8d,S111
IT_f2e2e507f456,S128
IT_74d59f3d5ee2,S101
IT_672f6ff58f64,S075
IT_d0c207b243ab,S097
IT_cc4b32c6481d,S036
IT_20c5a1f6cdc9,S066
IT_76b0a9a65155,S122
IT_e950fea6808f,S090
IT_a5bcdc839b8c,S062
IT_6ed510fa57c7,S088
IT_8484e57b183e,S080
IT_043a8a6e5da4,S022
IT_192f48472446,S101
IT_7e972ea471e4,S101
IT_655716486040,S101
IT_0cbd6c792f1e,S118
IT_e77c93b4d5a6,S130
IT_c7ef3840e4fa,S101
IT_2ecbd091c225,S063
IT_251757ab80a4,S101
IT_7db6ba2d9985,S080
IT_a6b18ce66a1b,S071
IT_847422834006,S097
IT_ca7dd16ceb4d,S024
IT_f9951a04cc25,S118
IT_4b6b7271c068,S064
IT_ef3870310725,S056
IT_c689fb26bc9a,S130
IT_f89f434fb6c2,S101
IT_cf5d02453953,S127
IT_34f7eae8e171,S065
IT_4ac36f208bae,S036
IT_85928d0af8d9,S111
IT_84171b9902a7,S078
IT_3471ed5cd291,S061
IT_317139a1556b,S074
IT_90731bf1a05b,S111
IT_cdbce63708c1,S101
IT_f5bc2687a3bb,S041
IT_232faad38b69,S109
IT_da2b02aff220,S043
IT_d88bed31749f,S110
IT_cce9c576cda2,S108
IT_32240f33b37f,S049
IT_92013f016e43,S101
IT_ffa44316c55f,S101
IT_391ef2891a18,S105
IT_4e1417381bfb,S101
IT_5d71dbea61c1,S094
IT_f90d17f40b28,S106
IT_8ba2343f044a,S022
IT_8723a463a60b,S012
IT_f427584b1777,S090
IT_4540a1b95745,S006
IT_7ae4d052bd44,S110
IT_e10328c8c12a,S107
IT_7ec1838c0728,S000
IT_499c9db7bff3,S024
IT_30591c4d53c3,S059
IT_89c2d592d44c,S116
IT_f09de04a197a,S101
IT_6773123bd27a,S063
IT_9ad4099c3058,S043
IT_dca394533c80,S056
IT_afeb3825ba86,S101
IT_5926cf414319,S016
IT_a7bd7ca6fae4,S101
IT_1dea05135069,S116
IT_5af5bbb03493,S071
IT_efcd84ddc734,S006
IT_61b2817a8204,S027
IT_97aa6348a0e2,S094
IT_1281e30903a8,S125
IT_23baf0cdf4be,S062
IT_93cdf35b8562,S043
IT_f796ac014b16,S097
IT_e91b2a95fc62,S124
IT_a7ab49a196f5,S101
IT_e1032518795d,S043
IT_83a4f870f3f2,S102
IT_11f6a0abfd89,S030
IT_33584de93438,S074
IT_10c11d712245,S070
IT_cca8ded102d6,S006
IT_ac079a6e5ece,S043
IT_2ca91675c6c2,S012
IT_c6c54330dbfb,S016
IT_87b4cddae1e2,S125
IT_34aa8a94e729,S101
IT_0452c75e5b47,S063
IT_0fd84bf9d400,S088
IT_159059747bdc,S043
IT_a9dad940936a,S035
IT_fc7781024f8a,S101
IT_80b47fa66d67,S101
IT_9c513009c9ea,S101
IT_04794f0f8224,S033
IT_d8e2c840fcb4,S101
IT_5e1840ae1dad,S076
IT_39b177ab5039,S102
IT_2f5c5fd50474,S115
IT_fe62bbed0721,S110
IT_f239441c2da1,S050
IT_33074fe19e1a,S110
IT_5d5dde0cb4cb,S035
IT_0fc8e017c57f,S022
IT_6b74047f8461,S030
IT_89335b3db418,S117
IT_1a8d12c25950,S102
IT_e841d126712f,S105
IT_29559036d1ad,S101
IT_ff3826ae41f3,S101
IT_3e91c7973777,S035
IT_37a89ac98296,S109
IT_74038645ff42,S073
IT_b47e74d14b85,S091
IT_416af2e0a3c4,S112
IT_c8ecc4785407,S059
IT_32f020dc4ebc,S043
IT_b8f01d951e5c,S016
IT_db35e1d5066e,S121
IT_ca76126ba990,S002
IT_9ca1fa07385c,S106
IT_8e71862ea1e3,S106
IT_5e883a358465,S057
IT_9567a5c7ac15,S018
IT_18f10e93a769,S109
IT_6b43dfdc0f5a,S100
IT_537bfa791e2e,S046
IT_5ea0cf4c8d7b,S061
IT_cfa3c6363bf1,S101
IT_1f572f9d0a8e,S065
IT_0612178bb403,S097
IT_401c7f38a1fa,S090
IT_56f535f3c289,S101
IT_4d0d550248df,S117
IT_93004511ac19,S016
IT_29309c976090,S009
IT_a2630e64e739,S073
IT_9f11ab258427,S043
IT_af7f1d0ff42f,S064
IT_1ca5522c0361,S070
IT_9480cefcd433,S100
IT_f8ef215459e5,S059
IT_a24c39c3d6ac,S102
IT_c15e53973c14,S110
IT_83979319bad2,S015
IT_47bc82b1f5b1,S045
IT_00c0a9fb7852,S057
IT_7c2e53b30d3b,S101
IT_b9669750a602,S109
IT_8bf37625b65c,S115
IT_04ab6f1a90e4,S016
IT_3cd4a1f46cbd,S063
IT_d9913b1fe2f3,S053
IT_c1e60baa885b,S018
IT_d80b5d43c73a,S016
IT_ae89ce751173,S125
IT_55fbcb6a1ac6,S116
IT_c0f1626335ff,S018
IT_1fc85ad15d86,S061
IT_822510c61008,S018
IT_54b076734d4f,S085
IT_8d3b195bc379,S010
IT_f6d8fcf82e8e,S078
IT_ec5a8623dab5,S097
IT_4052f4a3ad9f,S043
IT_f21d2ae1ca4c,S053
IT_8e2a9bac06e9,S020
IT_df9cef66f9be,S070
IT_8e9891db8809,S128
IT_849d9d4b9cf4,S075
IT_68bbed6a0e4d,S028
IT_4cb1711893f5,S016
IT_8727dca1076e,S030
IT_244e918fc48e,S065
IT_f388d5a8a5b0,S078
IT_f054fbbc0bb9,S081
IT_559c5817c99a,S045
IT_847063f0c040,S061
IT_1980aa7d524d,S062
IT_89cae57cfcb1,S006
IT_2728769aeeff,S043
IT_f1a6d406546a,S102
IT_f402b96d5ae9,S076
IT_33687b37707d,S076
IT_59ae5085e976,S070
IT_41645d684c17,S076
IT_602342296e4c,S012
IT_a4dabb060476,S034
IT_dba531bc6127,S045
IT_f126552e1234,S036
IT_3ea26edb01ad,S022
IT_28c0c74f40e2,S107
IT_63629b7d6e1a,S082
IT_bf0a09e6ab47,S071
IT_39d0d96bbf5f,S124
IT_795eef03d0e1,S078
IT_d93480ad1dc2,S040
IT_3be542530465,S035
IT_7753449420dd,S101
IT_89de9d504ad4,S030
IT_38d89e46f728,S018
IT_53e5d3c7f985,S041
IT_6f2a85117aec,S062
IT_8acea8abc005,S022
IT_5a3265da66ff,S030
IT_c9cd23f3f4a5,S101
IT_fb84ac8000eb,S043
IT_5c719e909631,S022
IT_e3d1c346d051,S007
IT_fcf0344cf3be,S110
IT_f878750f1848,S021
IT_0254ba8631e6,S016
IT_1a74e4ba867e,S081
IT_546b38c224c5,S043
IT_84095f16223a,S043
IT_7ba1372c4aee,S043
IT_c6691f7f4d83,S127
IT_9c7c5d949b10,S021
IT_8bb99bdd4a43,S026
IT_fea3c1fede6f,S000
IT_2a7fb0626f22,S106
IT_7fd6b679e9f7,S003
IT_94ba9828020f,S105
IT_165c170ed11e,S115
IT_89b80254376e,S004
IT_4963db268787,S074
IT_89f58a8b89b6,S088
IT_ee4b9796c587,S063
IT_21945389ba9d,S021
IT_22859ec081ff,S101
IT_b722c6bf3a3c,S061
IT_ead7341630db,S106
IT_be6da6b20bb3,S052
IT_bf88df5a653f,S021
IT_a48f55dc9be7,S081
IT_c67e8e113e46,S121
IT_ed49807c9510,S043
IT_2a00123dc080,S101
IT_7138a4361191,S105
IT_3690198dea44,S076
IT_d86ec6176aac,S111
IT_a7d44b8dfc29,S102
IT_76c41f689306,S102
IT_e6129fd3a37a,S078
IT_4914a3bfa1ba,S101
IT_932627d602bf,S071
IT_e8940e557804,S019
IT_b4f2a9d19992,S006
IT_774446bef843,S061
IT_aab8022611e1,S080
IT_ae523caf8864,S106
IT_98a9e4580030,S090
IT_bab23600e11d,S101
IT_e67e6dbb109d,S090
IT_99e6bf522113,S088
IT_209142f44ecd,S066
IT_d0ec22ccd961,S127
IT_4397b01b2cd2,S035
IT_3c083ec1e3e8,S057
IT_c9c0a12b94ba,S002
IT_17986efdb21c,S006
IT_ae3f889692de,S101
IT_79c8662dec28,S014
IT_d39ecc1d5661,S073
IT_df9e626d0468,S100
IT_0c9d410de37a,S043
IT_d122a086800b,S121
IT_c014a9eeb762,S043
IT_5df308cd2f2b,S000
IT_b0b5297e7bb7,S013
IT_f08a10c0ce01,S036
IT_67832fb6c68b,S109
IT_45c4b0fe919d,S043
IT_070309901764,S016
IT_f03d81d9ac01,S063
IT_03e461dbf503,S016
IT_c18dda30ce8c,S027
IT_ade3195812a4,S045
IT_963d17a70d3b,S119
IT_f2bb9a855f6a,S102
IT_d53d98785cd9,S061
IT_e7f90bbbc3f6,S116
IT_89ddab5c2e1d,S101
IT_55d5a4b87cc7,S128
IT_a1aae75d445e,S016
IT_da6c0cac4c23,S043
IT_6439911bae3c,S059
IT_f0902a2222af,S101
IT_4b8cd0f9db84,S007
IT_3e430c52d580,S046
IT_cbbb573bb3ce,S090
IT_05ceb0bf8d3d,S046
IT_901dae228465,S062
IT_08d4850b6966,S016
IT_850483cef1e0,S080
IT_e04824aea016,S101
IT_77fba7fb16f7,S106
IT_381f8e1d36bd,S016
IT_169b7fdbbb54,S053
IT_dc9dff0bf69b,S063
IT_a05c5757a3e2,S101
IT_325cc84535f0,S101
IT_a600967b1f83,S111
IT_2de2febf031e,S108
IT_506584b19e82,S006
IT_e977a447d1bb,S002
IT_c58ed7e59002,S078
IT_b7b43790ff7b,S015
IT_eb54194a90d6,S060
IT_bcadbbcf0748,S105
IT_345a8c24f4f6,S078
IT_72fc7fd709cc,S116
IT_4716dceaaf87,S021
IT_3dd5166f2272,S062
IT_c71b9c1cd989,S112
IT_79638b20035f,S003
IT_af2702557b78,S101
IT_ae56fa2eaa7e,S053
IT_de6d3f8c074b,S043
IT_52bc2493d2ca,S101
IT_858c6cb1f1ac,S101
IT_c43084ad9e3d,S130
IT_fc5692958b7c,S000
IT_46b9df53c2b8,S101
IT_1668475195dc,S024
IT_9fff733dffe9,S034
IT_7696fa7dcf9f,S115
IT_e55d617a7413,S038
IT_20d03db5f849,S073
IT_738d611702cc,S073
IT_2c88aa0cb440,S016
IT_50aae326057c,S101
IT_e0496eae70d4,S061
IT_62ede94ab2f8,S030
IT_3564f4850df7,S043
IT_170282f437a2,S063
IT_4ba41ac501ef,S101
IT_1c6481b3a2fa,S016
IT_cbc8f2824ea2,S101
IT_da92944bc2a1,S102
IT_8cebb7bb2a3e,S088
IT_17e1a8f12f63,S006
IT_2ef614d3a1ee,S006
IT_cfe5785c742b,S016
IT_2f3d738e8099,S088
IT_cfbfa112bd0c,S101
IT_290667dd7b21,S066
IT_d95efa14bd6f,S090
IT_4db1689fd87c,S101
IT_96184c2b86b8,S101
IT_b2123d2ffe57,S063
IT_ca820810fdbf,S106
IT_4bc241dfdcb0,S097
IT_30ff5bda456b,S057
IT_1617ce1ab344,S044
IT_c125b022de37,S092
IT_d098ee458269,S102
IT_8539f72e3864,S055
IT_b45a912b1f2c,S010
IT_91cd4fac5164,S118
IT_adbb41067169,S069
IT_b82d9da71884,S060
IT_e7eeec00df82,S030
IT_371dcdc533d0,S024
IT_a9a0b9ab2160,S101
IT_dc49b265631d,S076
IT_04db870d16ba,S101
IT_41a188122b78,S101
IT_748c07e7081f,S079
IT_76e91eb1d562,S020
IT_2e2cfb8a0429,S066
IT_51a05653c3b5,S015
IT_5261d2ec37e1,S107
IT_a7d1e9b6b38a,S121
IT_e1583db90cd6,S071
IT_261fadc45659,S009
IT_510f1273ee57,S097
IT_66061e4babdd,S101
IT_58fcf86a37c4,S080
IT_38943de84e70,S018
IT_97cd93307e65,S076
IT_cd50a4960d57,S102
IT_62ecb924ed8d,S020
IT_fd145bcbaec7,S121
IT_e900634f3793,S112
IT_9e6019cccb48,S112
IT_ca6b129c2a53,S110
IT_a34dffb23bcc,S017
IT_6e9236d6219d,S101
IT_9274576a3656,S090
IT_79f19f6ba622,S101
IT_c8ab2e0d0443,S059
IT_ccc6c321406f,S106
IT_ba66e4506aa3,S057
IT_990f4e37cad8,S036
IT_48383c89b380,S100
IT_055c34ca4625,S101
IT_18dbf5f0a9cb,S080
IT_5fcf7e860816,S080
IT_0c086dbd2941,S021
IT_6ecf6bc7cc34,S080
IT_4379a81f60d9,S106
IT_6a2b2fb42a66,S057
IT_2f8d4c5947dc,S101
IT_f019e6fce678,S099
IT_6b92cb28f8a6,S109
IT_f1619ffa5a8d,S062
IT_84cd656613f2,S018
IT_4af660473abd,S124
IT_22db2b8fb702,S071
IT_8867f5e2e351,S073
IT_9723d9fcb269,S109
IT_b8a32f3374f7,S034
IT_f11efcfb77ba,S080
IT_a4c1fc98c4b6,S046
IT_4824ada339fd,S127
IT_19a229520c71,S102
IT_de18bb0a3517,S063
IT_1a3489b12030,S018
IT_1c64b17e6bba,S009
IT_fb72e623a35d,S101
IT_27eacecbafe2,S056
IT_2fa880da55c3,S063
IT_b094bb1f3878,S101
IT_e01647c06afa,S040
IT_75594ff4089c,S125
IT_73be9e0ac010,S062
IT_63f6175f7a71,S101
IT_74faa8c760dd,S043
IT_46733119739b,S022
IT_359dbdf8b434,S101
IT_ecf029ee6753,S073
IT_483eac74d6b3,S073
IT_89368921d57b,S101
IT_3d4405ff0c05,S099
IT_e1ad23dfdbcc,S099
IT_38b8d0d52101,S046
IT_a61e683fb606,S078
IT_52ace86228cf,S075
IT_203d8b3080b3,S016
IT_8d983c7cfb65,S101
IT_70a1ccafa7a7,S073
IT_cd0e46895b25,S078
IT_b514986cf34b,S028
IT_ec3a0739f5db,S061
IT_98431f590358,S080
IT_e94915802074,S046
IT_731f34e94188,S078
IT_bdaa7e51eda7,S066
IT_3bcbea8a091b,S020
IT_ade92551bd3c,S046
IT_7cc66a7befac,S101
IT_74bed20b32a8,S080
IT_1c0ceed87afb,S061
IT_fc550f80476a,S045
IT_056a4aa25071,S053
IT_72e494a20f80,S101
IT_32d0e035f8ca,S101
IT_9fb4d5b71740,S043
IT_5e23b60d5e29,S053
IT_b4ba218c454f,S101
IT_2321e3a6ea5a,S065
IT_d447284bdabb,S110
IT_44f74ad6c2f1,S037
IT_f88465251c97,S102
IT_538f5ed300cb,S027
IT_1252503386e6,S004
IT_5213e3203be0,S078
IT_1824f15fcd5c,S055
IT_0ea6c24e425b,S020
IT_26d979ce73ed,S030
IT_eeb971df297b,S018
IT_efbb1a17cb7e,S127
IT_a433dd214f69,S061
IT_78afa7317168,S000
IT_131be386389a,S038
IT_92b7430fd3f6,S009
IT_4620a2479c9b,S061
IT_b38207312b5f,S061
IT_e8ee62fb7fcc,S069
IT_cf871a61173f,S059
IT_7ca0dd937a38,S046
IT_8e1b1f656bef,S066
IT_efb5fb9c9e07,S078
IT_fdfd30011e08,S069
IT_7656bf92ed0e,S101
IT_42d071f7961f,S030
IT_8598935e67e7,S020
IT_15edd09d5e95,S102
IT_5b198539ce2e,S009
IT_2c04cf12c99a,S106
IT_eb641779cb45,S101
IT_d2ad0a62ab6f,S080
IT_06a9b0434690,S043
IT_f4c8768bc629,S017
IT_da85b57e3567,S111
IT_e8aeca4ee8ec,S012
IT_127b79c2a5ab,S063
IT_f90925a9fedf,S106
IT_d2c3f9e3688a,S116
IT_ba9c21896581,S101
IT_35259db637de,S044
IT_6a9cb631b02b,S063
IT_cdceeda316bd,S097
IT_ba8701610a3c,S043
IT_3782240a73fb,S115
IT_9952db9c98c8,S125
IT_527cdb19a1e6,S110
IT_229a196b4ada,S074
IT_b746dfa38086,S056
IT_435418b45115,S102
IT_0437cd46c110,S101
IT_ba3159a728e4,S016
IT_0e0554e80cc6,S101
IT_ea872022306c,S102
IT_0367a5abb3ca,S009
IT_b8e02f083aa0,S021
IT_235a87475c7a,S101
IT_3d79a5f97c35,S101
IT_c4740dbe2485,S035
IT_d60a9bbd3e4c,S020
IT_f8c975da290b,S121
IT_8080f32a91a1,S059
IT_9a72a02ada77,S006
IT_c24837ef30f9,S000
IT_e3d8d43d892a,S111
IT_9b8d8ecc82c6,S022
IT_5296a8f4a30a,S045
IT_ff3b8c015f1b,S004
IT_782ba0a5815f,S063
IT_e87f14ff1e8a,S000
IT_e80a55001cb4,S037
IT_8196073f77d0,S080
IT_a195427d1e19,S012
IT_ea5a6b3e0d11,S097
IT_e356bda690e9,S085
IT_ef05f161b918,S044
IT_3c3017861cf7,S116
IT_b3c0e33821aa,S092
IT_e4f4cdab9e7b,S006
IT_c71640b36c77,S111
IT_9b1d142862e6,S043
IT_ebff5525d108,S106
IT_f07d5eb3f4ba,S012
IT_582214c209ff,S125
IT_7a73e74ca8f7,S000
IT_20c7f87b227a,S099
IT_47f3533ae107,S117
IT_f53959b4e35a,S080
IT_501c94a5f870,S016
IT_0b50e5fc4eb4,S037
IT_0112860fad28,S018
IT_ef016e4a7e83,S050
IT_f5f741d224b2,S038
IT_29c75c33ed0c,S069
IT_7557e099f17a,S101
IT_8bd70b8ac86a,S100
IT_16144aa986aa,S028
IT_c97053c75841,S059
IT_5dc1462b04d1,S018
IT_aa7d815aa6d5,S106
IT_425cdf73c124,S073
IT_9282d38b731e,S003
IT_0b854914d2ce,S100
IT_bce955583b49,S057
IT_c204dfef19ef,S010
IT_8be514edc5c3,S062
IT_82a8bcf37d5a,S109
IT_a987c520e88e,S101
IT_b0c5c807ec1b,S101
IT_7a9d981d0ae2,S070
IT_04c4d3cffd8e,S109
IT_99361d5bd905,S102
IT_841a4e119c25,S043
IT_51a054f951c0,S101
IT_f7a2720d65c2,S036
IT_4b1f9bf82714,S043
IT_f4d9df35fd62,S061
IT_c8c03c7eff7b,S041
IT_2cbae2f0a4d5,S080
IT_ebf7c6049daf,S106
IT_ce8c02d3ec4b,S078
IT_859e8bc609d1,S102
IT_acfb923b68ce,S037
IT_b8464b2d4c39,S013
IT_27e7bd3da9ac,S122
IT_29270dd77a03,S101
IT_ef77d6a8bfe2,S030
IT_a84abdf35b01,S101
IT_f3ddf2ed4ab8,S105
IT_16918e5cec08,S061
IT_5e2f64a399dd,S010
IT_7cb3deb7b091,S006
IT_e71709618e87,S101
IT_7481740cf6f6,S013
IT_cff556c71733,S078
IT_3c2229bef215,S013
IT_e3fb239fc244,S101
IT_05b5da5045e5,S063
IT_6af6ad8a9e8f,S034
IT_262fd6056ab9,S080
IT_079cf6f33b35,S085
IT_dd37f9476162,S007
IT_18054b9173ac,S102
IT_71d403da1524,S101
IT_1715351c2e42,S033
IT_09d0a0ff57e9,S015
IT_3f3d8aadf044,S101
IT_700d73ef4a02,S043
IT_74c06e12a7b1,S030
IT_8a3ad3671885,S121
IT_5af99aba8e01,S043
IT_c753cae03831,S006
IT_904d9ed9de76,S027
IT_20f7522282d7,S111
IT_490f8f6676c4,S116
IT_ad5a89b6c0eb,S066
IT_fe0c1983e0d2,S101
IT_7e576df9054e,S111
IT_55d71cd796ac,S090
IT_e2152c178d0f,S101
IT_857f0794d6a0,S044
IT_e7197f9612e5,S102
IT_c1f8509394e5,S006
IT_6be937e1024e,S016
IT_44624a2dbc7c,S069
IT_fde40e2b7bca,S101
IT_315a5733cbd3,S018
IT_57c97bd27233,S002
IT_78211785dbe9,S080
IT_8450ea34f61e,S060
IT_8ebb1af1b9a8,S111
IT_0361327070fb,S101
IT_6f87350fd153,S034
IT_4d99a68904e2,S013
IT_5e4aad62077f,S016
IT_5e47502d9976,S034
IT_b244a0e2f2a1,S010
IT_9e2ba8989630,S109
IT_797392cbf208,S101
IT_42d637bc9809,S082
IT_af8cfbc731ea,S040
IT_90a3323ade6c,S059
IT_43115414a857,S015
IT_0b6ef72a0012,S101
IT_e05278c23950,S034
IT_020f0f1a3ec6,S097
IT_09ce51757efa,S064
IT_083d518862a3,S062
IT_58dc38aab449,S063
IT_1a78d91d3949,S075
IT_78b11eaf5192,S000
IT_fdd792c18c8e,S014
IT_5e8141a477ff,S003
IT_a6599383d7be,S101
IT_abb77138810b,S101
IT_abee9d11150c,S043
IT_9a34bf1b06ac,S071
IT_128aa8cb6845,S116
IT_e691b4b34b36,S053
IT_f2a1566094e0,S038
IT_70dd90613fac,S102
IT_e123d92f1ac8,S053
IT_b55a2f82abd4,S121
IT_690e6d2703d9,S121
IT_4327541dfa3c,S000
IT_9d4fa1cec8c9,S021
IT_b965b0b91b60,S078
IT_94d431facf0f,S125
IT_ce18db0d1d3a,S094
IT_77ac82497e87,S021
IT_7ab017cb018c,S022
IT_f164dc4d6a19,S004
IT_b33eea1b15df,S070
IT_86c8dec30f9a,S012
IT_418e7de2edad,S116
IT_d5ebee138a8c,S100
IT_02fcce14a62d,S063
IT_8e3b9a927693,S080
IT_7ef798e784f4,S102
IT_2976aa5d9987,S030
IT_956162c335c8,S094
IT_4a43bc26be6e,S003
IT_2be14299701b,S111
IT_47ce5dc59021,S101
IT_943c27a9c574,S101
IT_7509dd4e9016,S061
IT_bff2dff2c4b4,S115
IT_34390e8d1d86,S071
IT_35296830bc2b,S121
IT_1983d8d93fb0,S016
IT_dcbe934d3309,S043
IT_966a40cf95fd,S055
IT_d68d483df100,S102
IT_6cd0924d835c,S035
IT_ba3c3839cc58,S043
IT_41a9932fd316,S051
IT_d0618370a0fe,S043
IT_facc526961cf,S101
IT_70720908859e,S110
IT_2bf02fc089c7,S043
IT_276a13a7a942,S074
IT_8be63366c345,S085
IT_a0478fe0ce01,S082
IT_23fec1b835b7,S071
IT_31b52c7acb1d,S066
IT_ef72c2231e71,S022
IT_1d9680455ab7,S080
IT_2640b2b8c6fd,S128
IT_18ab0e728832,S069
IT_dec76e85a9b3,S016
IT_f04a616c644d,S101
IT_77d47b4dca01,S100
IT_1e45cf3e5f89,S101
IT_44b395d98df2,S006
IT_e53407a0611a,S097
IT_b6cfc6c09c44,S107
IT_0f35853dab1c,S078
IT_0434d3e32fff,S010
IT_e5ce074941c9,S112
IT_3ed0bff64e7a,S006
IT_24f927ece166,S101
IT_beca05fce90a,S101
IT_52a78a83cf3a,S088
IT_ead39b31aac0,S116
IT_3ffc4d043a0c,S110
IT_b88410adb06e,S014
IT_fb30775e99be,S112
IT_102c204be41f,S061
IT_864fd955277a,S090
IT_b724fa386605,S043
IT_7226b08231c5,S000
IT_e215972e12ff,S013
IT_404963ac1a51,S080
IT_f8438bda8dfa,S052
IT_63888ef556e1,S101
IT_fc08ea91b9ef,S030
IT_de846cbaa8b1,S071
IT_b688a023a1bf,S107
IT_5d670a09d948,S046
IT_bb8e18fc9b23,S076
IT_f8285ed09a7d,S097
IT_acd53701411b,S030
IT_2104b2f156f0,S105
IT_738dd7c76c96,S034
IT_0202f5e2da1c,S036
IT_82784dbd98ce,S016
IT_2e3a62d488aa,S062
IT_f2c40a606062,S012
IT_414e430fd66c,S043
IT_af3e088ed907,S066
IT_d226e499ee04,S042
IT_185c127e2a62,S012
IT_7622779f8cbb,S109
IT_c6b155ec4acf,S021
IT_9d8c31f12551,S080
IT_8efb8d7febd2,S006
IT_53ea6c450f9b,S101
IT_ea37f413ed3c,S110
IT_17879941418e,S036
IT_00baf63f513e,S018
IT_ca320ba1b5ab,S081
IT_2dd9919968dd,S021
IT_e1906f0fb283,S101
IT_a2930c2b6068,S050
IT_2f9528d81ff4,S101
IT_28e197c049eb,S107
IT_f0a2a150110b,S052
IT_79ed029a1aee,S022
IT_9d98942a9e2a,S097
IT_c91c4d137ddc,S105
IT_7463072ef2b6,S109
IT_5a4b9175fc8c,S021
IT_4c3e12dc7ace,S061
IT_32cdf4f3729f,S080
IT_12c61b8fc7cd,S061
IT_9df05bef112f,S099
IT_bc7efe96edbd,S002
IT_4d91a3729eaa,S010
IT_3405f84b2e65,S071
IT_7087eca2c0b5,S078
IT_f1ab0bdb3fcb,S030
IT_1226e4bd3f7b,S125
IT_2c4d6cebb128,S076
IT_f75ec01e9736,S101
IT_d8c3e9c99dfc,S043
IT_b86cba3d2a77,S097
IT_4c1e038b726c,S035
IT_8bf99d0d4641,S102
IT_665515dc2aab,S111
IT_20265ad636d8,S071
IT_cb1c787bcc38,S070
IT_84d92b2547c7,S061
IT_74c84c343bcb,S030
IT_20e2b6cc7ff8,S021
IT_6a2df5e67f2b,S052
IT_2b48a186cdb2,S007
IT_5b92433f480f,S078
IT_499f8ea84658,S121
IT_01543fff6478,S078
IT_7538264752cf,S116
IT_d8ebc3d80ca2,S036
IT_63ec8fa8c7ab,S056
IT_0c9154cfe02c,S080
IT_dbed1b2b989c,S052
IT_b00a8922c56b,S033
IT_cd4042729ac5,S100
IT_f44c4ceb846b,S048
IT_aa58ad64a5f2,S101
IT_31a6f10cfcfa,S076
IT_8fdc95ce5af3,S043
IT_7f5f61bd1911,S111
IT_b3280100c3d8,S102
IT_5c4f3502b9a9,S109
IT_07cb3e35e396,S012
IT_cfa8bd976fa8,S113
IT_d7eb8dabbfaa,S043
IT_90e1c7963da6,S027
IT_8d4d8b391528,S043
IT_edbb9748623c,S078
IT_0e374c351328,S101
IT_ef86a020386b,S043
IT_777e4ae51507,S007
IT_b64d24327e31,S101
IT_b079ffb20a66,S100
IT_156e2663a38e,S069
IT_ca16d0db4a04,S030
IT_b1cb572d66c5,S018
IT_37b8554ce077,S036
IT_cdd3cfcec251,S064
IT_d15e9827beda,S090
IT_5d834b5afa1f,S018
IT_7434f20f94d4,S078
IT_81632e3448bd,S121
IT_25602f44f5b1,S078
IT_abb8aece9c50,S000
IT_08173b220d6b,S101
IT_2969ca54918c,S117
IT_9e2d562ae516,S099
IT_78a2f2fe6d7b,S057
IT_5dd33b20667c,S006
IT_b22558798820,S027
IT_a227e74a96fc,S105
IT_a6620f25854f,S066
IT_6cc28c22162a,S034
IT_16575d607888,S091
IT_5ea9c53c6e7d,S101
IT_30315b724a6f,S012
IT_0a80c7e41a5b,S101
IT_6b0b058675f8,S121
IT_c3d739b5d1e1,S043
IT_17d94cf36422,S099
IT_21fbebd80013,S000
IT_634a67ba4277,S002
IT_a3e691f68b49,S090
IT_06a94e8f38ab,S074
IT_b294c4a8f0ec,S030
IT_abf6fb281e40,S100
IT_e4f3acec3b34,S100
IT_88f72a1c27b4,S036
IT_94b65f49fd47,S122
IT_848de6eab97d,S048
IT_13ec3a4f157f,S107
IT_04190da34c51,S035
IT_5b9fbf99bf9b,S020
IT_10f3407f3a14,S080
IT_22d155618d8c,S101
IT_505b04f0af66,S106
IT_fbbf28e3c950,S116
IT_7682c2690540,S088
IT_0efc0ca12d17,S062
IT_c6d24e3a1f52,S056
IT_1c977e07ef10,S043
IT_b1f17f101e43,S018
IT_7879162349de,S101
IT_66691a22b51c,S106
IT_8cdbf7b7b8c1,S057
IT_6182eec51ecd,S053
IT_64fab2dedcf1,S010
IT_0393b04ff5f4,S101
IT_dbad626a4b85,S043
IT_fe198fdd358e,S116
IT_cb32c713567f,S066
IT_b50ecd5f4b14,S046
IT_3b3d80a1af3d,S009
IT_59a746880a1f,S110
IT_b62c6dd9458c,S090
IT_f480aa3aa275,S101
IT_06a008486100,S015
IT_f1015ad805d3,S020
IT_61d75b9b8479,S124
IT_e6eb012a3c99,S004
IT_665345d4433a,S102
IT_0d1b3bb3bd48,S117
IT_50fdce8cbcb4,S021
IT_aa97cf53d67d,S036
IT_9ffa0232216d,S007
IT_5ad144a7991c,S078
IT_0f05c93ceaa5,S086
IT_02b6c0b45948,S061
IT_77aa755608e7,S076
IT_52e832758206,S062
IT_2322055de85c,S116
IT_7966bf2f72f6,S055
IT_d104485168b2,S078
IT_1601c51535a7,S116
IT_d65bfbbed505,S020
IT_8c28eb245cdf,S074
IT_1e7236d387c4,S102
IT_9081e80a707c,S101
IT_c8285ae71c15,S048
IT_1c04203b0195,S071
IT_6fdaa12396b3,S035
IT_facc80efc2af,S111
IT_9d0a7de9a115,S030
IT_879f48441f14,S059
IT_5c7c6483ef8f,S111
IT_c765b7aeb66a,S070
IT_813ab7eb1b17,S101
IT_295f1805e82a,S080
IT_eada62c93ebb,S101
IT_180f97245651,S101
IT_8475896664d7,S097
IT_6df7efb715a0,S021
IT_91af8d784bac,S062
IT_bedff3d9f8a5,S071
IT_2901749f8ba4,S007
IT_c83f94bddaaa,S080
IT_3584fc348004,S043
IT_2051159cb5df,S063
IT_295367802cd1,S102
IT_9a1c4a1119e6,S105
IT_b46494b113cb,S105
IT_9c7d6f7441ec,S101
IT_5bb7fdc68b86,S071
IT_f01fc4712fc9,S035
IT_9442fae53aee,S046
IT_9605982400a6,S020
IT_47d54810de9f,S115
IT_c725f406baab,S038
IT_12f8800fd788,S070
IT_2db69b62e329,S016
IT_0af3b51c6b12,S110
IT_15f811a1fea5,S079
IT_a411e2b92e9e,S076
IT_454b02e3e0dc,S101
IT_71d67b58433e,S007
IT_8fdfc65a9b4f,S080
IT_2324a0602a91,S116
IT_4e7a2bce5d9f,S043
IT_e0d7154478a4,S115
IT_0568d28d79d0,S043
IT_daab480c5f39,S043
IT_3d1230c27eaf,S110
IT_01647d6a248b,S043
IT_353cb160f45e,S109
IT_2dc23e2dfc04,S101
IT_d69716bdf8c3,S037
IT_574fc04e3131,S109
IT_e7c3da262e18,S044
IT_7f6b3e7393b0,S102
IT_5ae0203809fb,S018
IT_918bde08ffd6,S028
IT_5a086d75855c,S114
IT_6a0fb8d7c3d2,S061
IT_3d671f33390f,S112
IT_edddbddcda55,S101
IT_290e7075fb17,S053
IT_85d55a9354ac,S014
IT_556427d7341e,S022
IT_157888b49ca8,S036
IT_f262750ca4cb,S118
IT_300d4d1b8beb,S050
IT_0f05c0ad05eb,S052
IT_43655a9e7c33,S082
IT_d19835edd468,S125
IT_90a153114e26,S063
IT_c675168dc4de,S100
IT_6748156d9107,S111
IT_43d7d6f876ef,S073
IT_ce740262f1c0,S045
IT_21812fce8567,S043
IT_88555dd5f211,S102
IT_8e22871a1e05,S100
IT_d1c2da713642,S101
IT_fe1982f5f01d,S043
IT_db4e4948bca7,S121
IT_b7897e322aa1,S118
IT_7aad87311f7c,S037
IT_6812108e688a,S030
IT_204cf411d1b3,S016
IT_92bba1a56984,S076
IT_6c4ef998cbea,S094
IT_f6cefb853b16,S100
IT_f985e6993b21,S094
IT_b2483d326620,S100
IT_6ae02a6c94e9,S038
IT_8806d8f17900,S112
IT_8c631affeca1,S101
IT_61aadc79b160,S074
IT_d782f491bbf2,S078
IT_2a89f8405026,S028
IT_0a2641cfb78b,S030
IT_3136fb58e555,S071
IT_f523cd754d7b,S090
IT_d856e0633b93,S045
IT_c98d78f2c1c6,S101
IT_36c696cbefa8,S109
IT_9b7cd011693c,S079
IT_8c845fd36a1c,S097
IT_7955f91bc337,S046
IT_a47fa90067eb,S056
IT_eee63223537e,S073
IT_9d4ddb4fe9c7,S078
IT_969d34f63a4a,S016
IT_833d3ecef596,S125
IT_cb20cd23ae99,S063
IT_75846e9c423d,S101
IT_3a35076b83d7,S022
IT_f5799485cac3,S053
IT_20e5b6636fee,S122
IT_202a2a2dc207,S078
IT_eb596b17afe4,S097
IT_5c456fcda9b1,S101
IT_7628fc5c441c,S040
IT_eb7ce3908fca,S101
IT_f0d3e5dca25f,S043
IT_1b9c5d75bec0,S110
IT_c3693f46105c,S022
IT_ac1481862706,S021
IT_c374587fd789,S075
IT_6e25d16b8907,S060
IT_1f7a89051fc8,S018
IT_fa1c76f5de37,S106
IT_bc8d30e50d50,S043
IT_e056457d8cff,S030
IT_9bf4ccd2deae,S101
IT_a83230ad7fe3,S074
IT_ba5a24e861b0,S116
IT_b5958a2a1053,S043
IT_02e4a895f794,S046
IT_dc56a736e362,S041
IT_af4831f42f5e,S074
IT_11022f50d141,S033
IT_ec33990b1cfa,S018
IT_da4ef6960858,S101
IT_6f6291756b04,S108
IT_f94122689c42,S066
IT_df90e6bec6fd,S030
IT_d6886a769460,S066
IT_ecbf6acbf1bf,S074
IT_6bfcd823808a,S101
IT_52ac048b897c,S106
IT_9ce0acf00872,S101
IT_bf28105f8932,S125
IT_1e8bc713cc1c,S101
IT_47344caf223d,S111
IT_f84d5fa6dec4,S040
IT_9f8e9ba17460,S043
IT_85b8d6a508b3,S091
IT_4a765045263f,S030
IT_5fc4f7f17805,S065
IT_d4f1f5188b40,S066
IT_8fc08ba5d13f,S060
IT_1815d6fb566c,S000
IT_2fb97c309e49,S015
IT_50baf582bfaf,S118
IT_8bba6a63fb5b,S062
IT_9254d01dd6b6,S066
IT_78857dae2c8f,S115
IT_7559d89f5d31,S101
IT_c33233279024,S057
IT_083a6fdc30b4,S010
IT_c0c4d026dfb6,S030
IT_19c814518ba7,S102
IT_26d36d8be036,S068
IT_57bce3fa0df5,S082
IT_a875b15db748,S064
IT_0f64e8b21827,S030
IT_4edb28e05b35,S006
IT_c6a94fb7c455,S106
IT_b4c1818a16b6,S097
IT_e7dcb7b54e6f,S007
IT_a0dbe6faf8b2,S006
IT_338f58f59be5,S066
IT_f1b042db03f2,S122
IT_ee3b828abe73,S027
IT_642b3393210b,S074
IT_3ee4556a0fe6,S110
IT_54befd3ca3aa,S101
IT_3ae988bfc4b6,S043
IT_5c53c15c8be9,S111
IT_a1473d9d8518,S043
IT_34e0a394ef33,S012
IT_be398928ca09,S116
IT_470b6dff1c8a,S048
IT_fbaf177c5628,S115
IT_8d7780fed49e,S000
IT_567fb9908152,S044
IT_a6c52f28634a,S037
IT_3cc4bc8d7ecc,S014
IT_03eb82205816,S101
IT_fcb7961ddbed,S101
IT_3c9bb042ca26,S009
IT_1fbe226c7e66,S101
IT_a511dca53920,S057
IT_fcb90f339c7a,S101
IT_6b11d2eaf9cb,S078
IT_28e298910ad9,S034
IT_7a6b58cba330,S002
IT_70e718bde673,S016
IT_94142acf73f7,S034
IT_55858e9c3937,S015
IT_4aac60ea8001,S115
IT_bf4599cf192c,S061
IT_7f245c424294,S066
IT_af10cc5a5caa,S052
IT_d01f65bb061a,S009
IT_f1af84364f2a,S016
IT_66a060d42e8a,S076
IT_09f37b1bf7f1,S078
IT_7f174676f1b1,S102
IT_0b036a6781be,S061
IT_31b9a5013f17,S130
IT_84035941730e,S094
IT_754f2d8a0409,S094
IT_8dd48d4c9896,S101
IT_52e3d97cb0d7,S101
IT_b44a1c52669f,S078
IT_26e9a5a7e3db,S124
IT_754a8be111fe,S070
IT_21596c51d9cb,S007
IT_aee502b50e61,S110
IT_563af9f07321,S101
IT_9eca83c8a734,S085
IT_c84e93675d1d,S101
IT_ddde4160edd2,S109
IT_ede8edd12e68,S110
IT_7e26abf05385,S000
IT_ee8737353ffa,S117
IT_d443a3635bd8,S056
IT_d7afbf117e1f,S066
IT_ed4d4abba873,S062
IT_4a4451369982,S006
IT_c0c0ae58e42f,S101
IT_6b62c6b48ab1,S085
IT_7206ca3de27a,S080
IT_9aa5c9b1cc4b,S078
IT_29875c020693,S046
IT_342721c9f4f3,S022
IT_d782100ba1b2,S101
IT_05a18af605b7,S111
IT_49fecfc15326,S109
IT_a7ad0ad73f45,S110
IT_ade3093b63c2,S101
IT_3af291ef9e35,S106
IT_f437d09feb02,S021
IT_36a81670db57,S020
IT_03607e81fe67,S007
IT_9ddfa336f8f9,S066
IT_db92735bc6b3,S012
IT_a0cb60f47450,S007
IT_63471f282f48,S101
IT_4d29e5d76094,S111
IT_787782648766,S101
IT_d6023cc0707b,S018
IT_cfc5032541ad,S043
IT_29e1942edc59,S038
IT_4e2d34c76ccc,S043
IT_52a6a65f5be4,S000
IT_be345e1572c7,S102
IT_70b71ea2d52e,S012
IT_ea6e1a3771ca,S037
IT_36f31ce3c1d4,S000
IT_20477c378497,S080
IT_147ae7b762d3,S078
IT_531a91935d9c,S074
IT_c121dd21a48f,S116
IT_3daac595feeb,S110
IT_e6289bf6bad3,S101
IT_186ca20babe7,S097
IT_0deb296a7e87,S030
IT_775ac952de63,S111
IT_a69bad7b4d99,S106
IT_605b0735ae11,S034
IT_32a44ef2fde9,S069
IT_a1b9365802ff,S010
IT_8d396756ccc8,S076
IT_0b948caa672c,S110
IT_ab41dc64224a,S061
IT_d59e7d3aded3,S124
IT_023389cd6493,S078
IT_a2884eed3500,S016
IT_9ec305a3d5cf,S009
IT_d8598e418d46,S101
IT_250a44a114fa,S106
IT_8a6e1933ea1a,S044
IT_58530d2d1cf8,S118
IT_9e9a383dc46b,S101
IT_dd48195ae7de,S117
IT_786a24b8ddf8,S110
IT_4245a5aa5bb0,S090
IT_6eab1cb53d39,S004
IT_40f74a6226b6,S080
IT_7cd8b308282b,S063
IT_d2ca32df0269,S062
IT_214623a3284e,S101
IT_4765642c6d45,S064
IT_a6c7e5188e46,S036
IT_08b83e0b359e,S101
IT_f9662424e538,S030
IT_4c8486f9509c,S043
IT_d62ede825413,S124
IT_0c98f0d32e3c,S117
IT_4eeb3bf5b32d,S009
IT_9385ad3de5d2,S021
IT_924b8a9694c5,S102
IT_f48cdeeab167,S037
IT_c419bb8c5532,S106
IT_acc2f95c5c51,S078
IT_aeb6dc73c75b,S105
IT_f54880919b1b,S006
IT_51916fa6ab28,S099
IT_67933f407ba5,S110
IT_c767a27c12c9,S013
IT_90158a5b4866,S043
IT_a2c82e15390d,S010
IT_2928bc54fe37,S110
IT_baee464469f4,S111
IT_968774113198,S060
IT_c64c047eb556,S004
IT_80c66d34bfdf,S016
IT_a129392a15f3,S033
IT_fea72c99256c,S117
IT_c2edcc04e5fe,S111
IT_67b728672001,S021
IT_f965210e230f,S070
IT_72c3972a3b48,S106
IT_c219f4a1c3cc,S101
IT_d96fcafe81ad,S063
IT_30b8564f74eb,S110
IT_08845e2c4d6a,S043
IT_10a81b883d66,S111
IT_0ae32afed14c,S052
IT_99e68d3ca603,S045
IT_c731bad4f831,S020
IT_bc728c581cd3,S078
IT_1b2669b217f0,S071
IT_b7ee74bdb9f3,S016
IT_20ef88ef2b7b,S106
IT_21e726035048,S007
IT_4e3e39efb7a2,S080
IT_39f7d36ca226,S071
IT_f6f3d5a02432,S035
IT_7eae1068adef,S030
IT_e64015d6dc37,S085
IT_4853dd36e7df,S090
IT_ee350eba60e5,S101
IT_9d480a4310ca,S027
IT_94f92529e0f5,S111
IT_20a89aba6474,S070
IT_bdef83f234cf,S070
IT_d697f44f27a8,S073
IT_1b3939a9ee83,S007
IT_ea3f1a95ff57,S000
IT_6929d0540aab,S116
IT_02607b232d3d,S043
IT_fec568d3c580,S034
IT_4b552f7b87be,S078
IT_2f42afb2de73,S116
IT_5499c91dee1b,S110
IT_6528d6e96d1b,S043
IT_979b3ef1bece,S102
IT_ad807dde20e1,S045
IT_ba6fb92514c9,S117
IT_b6b03291c4d7,S080
IT_e8864366a854,S030
IT_f9e30bc718bf,S117
IT_53331f9b6e23,S010
IT_191818bca919,S110
IT_c76fa266f08d,S016
IT_6c9687c0ca3b,S078
IT_da52afdb5edb,S110
IT_177804a22dba,S076
IT_eb9fc662dafe,S110
IT_b877d4705181,S110
IT_8ed1818fbd8f,S085
IT_f077d45eeff8,S053
IT_a4c910dd4c79,S109
IT_a2f84d87324b,S106
IT_9eebde4178ed,S076
IT_7b9b0c731335,S097
IT_341eea5411cb,S066
IT_8b1f8708ae1c,S094
IT_8d0e40b79b87,S094
IT_b42b58dc5ba5,S012
IT_ddc6020d014a,S014
IT_b7a9f5a73a52,S108
IT_6fe5db37c9c1,S116
IT_bdb4c05c984e,S101
IT_598c97b330c6,S006
IT_1cf66fc32b6e,S109
IT_289f63535281,S080
IT_f594281e9391,S080
IT_07fa14162250,S085
IT_d6d98b77afff,S112
IT_0ca9f2a60554,S043
IT_3815267c8125,S043
IT_1ecec8f353c0,S009
IT_0fec9ca9443c,S080
IT_66e060250081,S101
IT_3da043250092,S116
IT_6e708566efc1,S106
IT_25c69aec41db,S080
IT_9e8bbd544854,S110
IT_6c7c93febd0b,S101
IT_8c3717a25382,S115
IT_e300bf24fda3,S059
IT_b3481e54db82,S101
IT_78762bc8233a,S101
IT_200f0c2a6f52,S101
IT_5cb5de5a7803,S016
IT_433c4c6537f2,S125
IT_d650e8907950,S045
IT_194baeb51dff,S003
IT_418e6c4f4a0f,S111
IT_5fdfec3a2239,S080
IT_c22f7a9c839b,S106
IT_9eeccc981c3b,S101
IT_546dd451d1ce,S053
IT_aff6f915fb73,S116
IT_a6065cff1347,S078
IT_93359263b748,S101
IT_6b22aa06482c,S117
IT_cd7f1d1ce303,S022
IT_ae845c9d0ecb,S115
IT_a09bad5de37e,S110
IT_7dffab8134f2,S013
IT_56bf95c38503,S020
IT_17a88881af6e,S121
IT_77983445e0e2,S080
IT_52fcdb8c5131,S094
IT_3fc7a2bff1e1,S085
IT_2428437e734c,S030
IT_9685d9ccee12,S006
IT_bef2964fc407,S101
IT_5290c95ccc13,S116
IT_fe44b00e60a2,S078
IT_f2958157b446,S125
IT_ee543a1fb75d,S071
IT_56435cd8f793,S002
IT_a7daf732bec7,S070
IT_08bf87031b35,S061
IT_16b7154906dc,S071
IT_58e71501d1d6,S117
IT_395cc7670976,S080
IT_87dfa863c0a8,S015
IT_0c9fd48af60c,S075
IT_42affa6f0e99,S070
IT_a47fc8857a1c,S044
IT_563d4f363977,S062
IT_1fcd9c374db7,S066
IT_05844a1c02bd,S013
IT_96687324d9e5,S121
IT_01c674cab30d,S091
IT_ba508b08fb0e,S018
IT_3e7b434ad32c,S106
IT_2785f11eb753,S018
IT_a6cbaa628c38,S050
IT_0247a164ac48,S012
IT_c3df826c03e0,S109
IT_bc22297b55c2,S030
IT_5eb578a20678,S101
IT_bb6a3c27f959,S101
IT_dfd7facb32e9,S043
IT_90f1ce45210e,S124
IT_2bc078d09b44,S071
IT_284c1a26cfd2,S074
IT_12d312b0cd8f,S110
IT_e50aefc6704e,S080
IT_ac411bd0938d,S003
IT_b81323abd6f5,S074
IT_88474a2fb55f,S030
IT_ff3c5a989d1f,S121
IT_cae3ca1e5252,S124
IT_827eb34be4c7,S053
IT_e90d1eaf2e11,S027
IT_d0f417670b43,S007
IT_8e5672765f25,S007
IT_65f9db63a0b0,S030
IT_67f867482023,S082
IT_db0bdda97664,S063
IT_b8abd3daeadb,S106
IT_d34373cadfbb,S059
IT_de43d363cd1b,S078
IT_c4a682eb6def,S043
IT_739551152b2e,S038
IT_faf7835402ec,S006
IT_4de9313d4b1b,S101
IT_6be0fefb4916,S064
IT_77d529de1d73,S105
IT_fe5c9ed132a9,S002
IT_e42ecf857ecc,S116
IT_ff7d33743f64,S101
IT_8230a2c57ad0,S060
IT_c13fb53c4eae,S037
IT_ebb01e9262ea,S101
IT_000523b7f62b,S101
IT_6ec99ff3c590,S055
IT_3e03c1b657e8,S101
IT_b5d3fc79cfea,S027
IT_dede9e237d34,S016
IT_2f3e7cc359d2,S036
IT_b3c9b38e412e,S101
IT_9a2ed94e22bc,S055
IT_da4b5245fbcf,S121
IT_5be0e774cac4,S080
IT_0c4d8936b7e5,S063
IT_92e46c440cb7,S106
IT_6e421fd84925,S124
IT_c949a8a5cd1c,S099
IT_36a8ef1a827d,S101
IT_ca7727a12422,S066
IT_e90401f39338,S088
IT_8731075aa864,S034
IT_bb8106693fc7,S059
IT_b2d95a0ef161,S061
IT_bdf54ef4908d,S116
IT_347c4f54a2a2,S080
IT_c3a9e9ca7b25,S007
IT_e671b2e3a18f,S020
IT_3096ba39f1f3,S048
IT_b8b4cd3cf139,S043
IT_843691f11466,S017
IT_22e52aaee85c,S057
IT_e12fe673de16,S006
IT_81db34b3e651,S060
IT_d54386c57268,S041
IT_38f49f5d1308,S101
IT_7313771cc1f8,S106
IT_5afb393c6a30,S019
IT_11ac83a6bad8,S004
IT_9c64cb359839,S109
IT_c8d9359ec4ca,S106
IT_dd70434caf2d,S110
IT_28b940aa0f00,S111
IT_37dbba286c2f,S014
IT_9130cdccba1f,S038
IT_c55577cc5f6a,S053
IT_05bc18b84416,S080
IT_184e95f3181f,S080
IT_bfda93eda9a1,S034
IT_4351414c9b0a,S016
IT_86d70b7b7507,S114
IT_cde11455223f,S106
IT_183de4d4b192,S038
IT_a9230c794c4d,S071
IT_e0012cffe71a,S111
IT_6a8596067745,S106
IT_f723260f9bfe,S101
IT_75298e5ac55b,S071
IT_4c6cd570df50,S007
IT_6bbe0b227ef6,S043
IT_db4679cba9c7,S053
IT_e66abc03b6ee,S101
IT_1915745d83b6,S043
IT_208cff453e71,S097
IT_9aac1fcf8143,S080
IT_1cb7aff70933,S101
IT_cb1dcc6d0f5a,S046
IT_568adbcd672e,S101
IT_7bbd14b53d47,S046
IT_36e2ce980c37,S124
IT_f6284d519829,S101
IT_602ac5f41193,S043
IT_69e32e201d82,S016
IT_5b2d550097b8,S111
IT_3e9959aa3889,S097
IT_96d382890d0e,S101
IT_bf1f17554cb9,S111
IT_7f2bd16348f1,S004
IT_51ce1e1c9f12,S080
IT_07aa9920c1ca,S071
IT_d954eac5a0c1,S105
IT_4632407f3c75,S101
IT_bb057ddf3946,S101
IT_98cf9c960791,S121
IT_41ddaa4cab8f,S004
IT_7227fa742dc5,S071
IT_e905fe948496,S100
IT_b1024883b859,S056
IT_3702ceefa454,S043
IT_1c1769ad2994,S111
IT_47a77acef51c,S024
IT_a36a107a73eb,S121
IT_2cad0c7f61e7,S094
IT_73e2cc68e94d,S106
IT_7964dc18c816,S002
IT_2a8fd36b01e3,S102
IT_b2ed08b85984,S055
IT_e2081bcf6097,S111
IT_2324abb8afea,S097
IT_edec879e71c8,S122
IT_22fc2e5d7d22,S010
IT_39e707a6a740,S022
IT_d0cbeafc6319,S076
IT_32d01f2693d3,S016
IT_d6b9905da5c4,S081
IT_b602cc0c7c19,S102
IT_77d70e220a8e,S030
IT_09de2ef36b0a,S060
IT_d07c04bc5830,S102
IT_834b8446bd3d,S043
IT_b38df08f7e4d,S022
IT_7a0acf2c008f,S023
IT_c085a08873e8,S101
IT_ae1152f00322,S022
IT_75ce1dffbd02,S101
IT_1631b301a19a,S057
IT_593573990489,S090
IT_550dbbbb00b6,S097
IT_7d051cbf9b71,S066
IT_0aa38a25c515,S094
IT_595a0d1baa23,S109
IT_3c6d7a9e8fb0,S066
IT_00e43133a727,S101
IT_4286ec1c6853,S018
IT_80b8c1dc275f,S006
IT_b0401482dcd8,S016
IT_5dac44286540,S014
IT_4e94d1454cd2,S015
IT_6c0797863389,S061
IT_6276667956c8,S101
IT_49b6df4a7f69,S027
IT_fd41d174a8de,S102
IT_e93b5ac2859c,S121
IT_cfb1990726cb,S101
IT_d5e317c753a7,S050
IT_2e600fdd5891,S045
IT_75e5fd5de185,S057
IT_43a5aa493f98,S024
IT_56d5c750e51b,S022
IT_e5d0645595f0,S101
IT_2aa33df9a3c1,S110
IT_b424804dab56,S022
IT_3f6206811dd6,S110
IT_41a99c61566b,S101
IT_4cddadea7dd2,S111
IT_661e5c8592d0,S076
IT_c809835f3155,S030
IT_141d76fbe40a,S082
IT_b071a877a8a4,S101
IT_ee080ea07d22,S038
IT_890d326c34c4,S115
IT_3dcd95317353,S110
IT_9f51b478cd59,S088
IT_cbc631ffd0a9,S109
IT_cd41b392e09b,S091
IT_d471a137caa4,S063
IT_60629d85c949,S101
IT_f8ec13f72ef4,S043
IT_710f59fd7172,S036
IT_308096d3eaae,S044
IT_441ebcb37f14,S101
IT_8740fe3f2805,S046
IT_1f2180bb9dae,S027
IT_25866e4ab11c,S019
IT_17370a558ad5,S085
IT_af53f319b46e,S035
IT_1c3db4cf6c67,S020
IT_e81d5220098d,S013
IT_ebf87cf636b5,S018
IT_bec24bc2f2ff,S046
IT_e84c927abdb9,S010
IT_24eb4f79350a,S056
IT_e827f75184f9,S030
IT_876f9acac6c7,S125
IT_bcccc49684a5,S118
IT_7cf9d361cbf8,S030
IT_71dbf5c974c1,S012
IT_5d1a66c621c8,S061
IT_874081eece5e,S052
IT_cdbb6dc48780,S010
IT_0a5e0f8c6dc8,S035
IT_76018ca2c59c,S102
IT_ded894dce490,S043
IT_b6b09e299dc3,S076
IT_bd11e4368b52,S018
IT_8773e67a5f9e,S105
IT_b4e4b1aa9a03,S073
IT_d34eac26e581,S075
IT_83ad05412324,S101
IT_23e2202c77f6,S110
IT_914d1389f1d2,S111
IT_2e28b08dc67b,S115
IT_170cb3edbea1,S034
IT_8036d58d178e,S063
IT_7e19dc908f55,S122
IT_46a9f8bcdb54,S088
IT_7e8f59bd04d6,S102
IT_014089b14aab,S034
IT_2d339fc98a4a,S063
IT_46fe3e2769ea,S030
IT_66cd8d3c9888,S117
IT_e3de9a4eae39,S043
IT_5ce54ff0ba86,S121
IT_0adab5ecc26f,S043
IT_d94608e6cf80,S053
IT_b5b432827438,S101
IT_acb21bca1dc9,S040
IT_9f615f31c2fa,S099
IT_876a19cfd2c4,S101
IT_4779729bc59c,S110
IT_25b2fd239172,S124
IT_a3638767b2f5,S074
IT_4bafcabf632c,S070
IT_87120360e067,S107
IT_96541332c077,S036
IT_f4f70cb78f9d,S024
IT_75dcdc23a5ba,S071
IT_7b3dc85ba6f3,S102
IT_79e4a592bd52,S078
IT_e09b6fee5cac,S118
IT_109aef89dcc6,S101
IT_19372f00bc8f,S116
IT_4e4cd876f91d,S062
IT_4bb5a204194a,S080
IT_1d2e5631b84d,S000
IT_586254d4a564,S097
IT_fdc2a539d0e9,S066
IT_6ee3d796548b,S111
IT_08e2082ecba5,S051
IT_0d1a8d64049e,S101
IT_a2959e32d360,S013
IT_fefd20c530d9,S085
IT_cd4ad228dc5a,S080
IT_7a52d8b46d19,S105
IT_c057296dae53,S085
IT_2310bbdffed7,S116
IT_badedb4a88f9,S007
IT_c363e85667ad,S033
IT_cbeef6387b1b,S106
IT_8e08c29b546a,S080
IT_c3d86c178320,S106
IT_e35540d47b44,S097
IT_aac09e3b07bb,S021
IT_99e015239d17,S101
IT_24175f2a1974,S092
IT_529f0fd0c4d2,S021
IT_8ab6d4775b68,S036
IT_f291bb93c794,S045
IT_71f5b2c3adc0,S056
IT_48750b830c34,S066
IT_4b6f0809a6d1,S065
IT_086e59556d81,S021
IT_e55d25212ed6,S090
IT_2f6c527de4d6,S111
IT_1bcf89488986,S009
IT_2fb8ed4511eb,S018
IT_14a8882f0684,S078
IT_9f37b46c4910,S013
IT_80c0d7067a7c,S101
IT_fbc8bcc557f8,S122
IT_2b896d8e02de,S037
IT_ce2181119e95,S057
IT_553c0f583426,S043
IT_dfd1a958819f,S101
IT_178927bb1e12,S102
IT_43b57c11dea9,S006
IT_99214bc17bbd,S110
IT_7c9fa86bf03e,S021
IT_e568a4cce48a,S101
IT_883d9493ac3b,S101
IT_b60edec097b1,S121
IT_afc625cde764,S121
IT_1d599e819742,S101
IT_eff4bc3e2aac,S085
IT_c121a48d4c9e,S018
IT_399f933a8705,S110
IT_2557edd2dbdc,S110
IT_b83ba25a50a9,S117
IT_f2c4da051fbf,S082
IT_353ce8da308d,S102
IT_004bbab5f4a3,S038
IT_aa2420eb3af2,S015
IT_2b28a8d4673d,S121
IT_83d25183c4a6,S117
IT_c24ef141d570,S028
IT_bc663f8fc68f,S059
IT_88fac776193d,S043
IT_e7a45af2538a,S081
IT_bf38ef9e8c62,S043
IT_86c1a026e2b3,S090
IT_3032b1d32c48,S109
IT_4dbbe2768464,S121
IT_6188e5463db4,S045
IT_672cae39f241,S012
IT_f8634ccac826,S101
IT_b41293a4fc5a,S006
IT_42b09cea6725,S105
IT_06d73068f192,S010
IT_bb7598117ca3,S016
IT_429300814567,S030
IT_9f853134d7eb,S016
IT_51b8a157798b,S107
IT_d475812fc6f1,S090
IT_a01c6cdcf89c,S111
IT_ef6a2a50d0c0,S110
IT_5de7067e171b,S048
IT_cfdeee122057,S102
IT_76128fe29e93,S009
IT_26f3c1486e9d,S043
IT_08032f3ee60f,S106
IT_de9b049c808a,S101
IT_c52e57aa568f,S003
IT_ad76b667486d,S056
IT_a10cdcd2029f,S059
IT_780577f900e9,S016
IT_8a92e8665b6e,S111
IT_1c4721def8db,S115
IT_20d2752ef205,S013
IT_fdc623f51bf2,S094
IT_505e198aa0dc,S101
IT_973cf1ecbea6,S037
IT_fe424f4599a4,S015
IT_0fbce967ee40,S106
IT_5dc2236ad67d,S035
IT_b15377e63240,S101
IT_2e1b3093fc00,S097
IT_9b2bb4496c2c,S071
IT_4a7c731ab608,S101
IT_3dedba1a3358,S062
IT_f4c9723f247c,S101
IT_7b43b7c278d8,S090
IT_ed5adde77d7f,S101
IT_974b1b0f0967,S076
IT_bd6a3ca69684,S043
IT_ec19060c4651,S016
IT_15de0b3b5816,S043
IT_699fba515ca7,S115
IT_07e2a57ecf82,S003
IT_1c3ac8ce6b7a,S121
IT_728ab8ef5e42,S078
IT_6475f86ae794,S101
IT_43aa0e5b4639,S101
IT_15fa6eb8d1a2,S105
IT_039a62c1a012,S050
IT_c1ced43b5cd1,S016
IT_04dc6b6cb842,S115
IT_d8a1066f0701,S060
IT_d59412ca73b3,S111
IT_51e4916941cd,S036
IT_f93f35dcedf3,S045
IT_536fd2a9c702,S014
IT_1cebdb1fb16b,S080
IT_d3cf2e81d104,S057
IT_97886f30005c,S043
IT_1b78ff8b38d4,S108
IT_ac2f56ad1184,S010
IT_66df00d4677f,S013
IT_44239eb8e036,S043
IT_91dfd60c2eeb,S091
IT_9f190599b147,S012
IT_aa1c80df5e61,S078
IT_c6acc23192b3,S101
IT_86c0d3cdbbdd,S015
IT_8d8a174f65a8,S006
IT_c855e7acdf0a,S097
IT_ecc8fc0abe0a,S110
IT_d1dcf6f0c9c5,S043
IT_b900e79c27bd,S101
IT_972ff98ebf08,S074
IT_e49898e1cc14,S125
IT_e5488a575706,S111
IT_4c6b560d23a7,S109
IT_7d5746dc29f6,S121
IT_dd172f52f4f7,S033
IT_2d23eb2f551f,S043
IT_95cdb8a0c505,S097
IT_88d6019f1e29,S108
IT_d5ae5e710774,S101
IT_dbfd7f3866a9,S066
IT_9512e72eb55a,S073
IT_6db59a93685c,S101
IT_fdcc69e51821,S000
IT_4c18dd8bad9a,S101
IT_7d2264f316a3,S076
IT_25e7eaf5d296,S043
IT_b70714dca4b5,S099
IT_92c871a14689,S066
IT_6b78ac0923f8,S110
IT_3296f3313f7c,S117
IT_1e826be02b81,S076
IT_959c661f65be,S043
IT_129382158b0d,S074
IT_457f10151da0,S030
IT_904007e501da,S007
IT_41476a464f62,S015
IT_7d6afdf9eb24,S043
IT_db6e68445312,S009
IT_6d1035ff73ba,S012
IT_377bd7dd4192,S034
IT_840b0e0e4310,S115
IT_7260996f447a,S018
IT_3ef0dba563c1,S070
IT_318ba143132b,S109
IT_d32215f0d363,S101
IT_8cd3fb2f7271,S116
IT_e35604d20c5f,S007
IT_0a04b38ff97a,S037
IT_b82e9fd1253f,S016
IT_2cc721e7dc8e,S116
IT_74b859b48f45,S043
IT_cc06768389d6,S050
IT_ccc2f8239be4,S006
IT_0684d7b64b49,S101
IT_370d5c7b0835,S044
IT_c49b8191c941,S080
IT_a688f994535a,S101
IT_56d7cad72216,S101
IT_0f2d82aea060,S106
IT_a1b6122352a7,S110
IT_1a6f46133baa,S018
IT_328423d1889c,S046
IT_ab131d61c73e,S018
IT_c6fb4d8ef069,S045
IT_1c96a5e6c3bf,S022
IT_9b0262fb6764,S043
IT_0000baa811cc,S110
IT_661646840e84,S101
IT_1882e726ea3c,S097
IT_1e07b4bd8854,S066
IT_42945b9b5146,S065
IT_ac64ad646a8a,S030
IT_e3c4002db760,S006
IT_6eb3a1636ce0,S101
IT_1766b1ad4177,S062
IT_36fecf4c7c79,S073
IT_5b64f45bfe57,S078
IT_0c493287fbcf,S043
IT_5f43345458e9,S101
IT_d14fecd0abd3,S004
IT_140d710ac28b,S118
IT_f0debd4e920a,S028
IT_cbc1dee8dd6a,S110
IT_2102aa084eb2,S036
IT_bbd56eadfd73,S007
IT_022e5eec6c83,S080
IT_611e016de49f,S125
IT_b96d467700d2,S111
IT_d260326be344,S016
IT_c7d5b7413210,S046
IT_7de67df2ed05,S014
IT_ad5de58b1308,S007
IT_f6bb83a35dfd,S101
IT_cf021f521e5c,S080
IT_3d317fbb42b2,S101
IT_78cbea20fd6f,S101
IT_981316de5e0c,S061
IT_c16f43bc6bcf,S121
IT_c3f897a8d9a1,S106
IT_22f0073ef425,S034
IT_9438b50cb5e3,S074
IT_da4d8b146de4,S069
IT_9ac2506d109d,S035
IT_ef13c9e9d966,S066
IT_fb017d2b5c09,S075
IT_05e92f9aef6b,S101
IT_05dfe52a50ee,S078
IT_97798c65dafe,S010
IT_af64485829b0,S061
IT_1578f9f7f02d,S043
IT_56bae6d257fc,S101
IT_a864cbc1e61f,S101
IT_5ba8fa2167e7,S080
IT_2997c589b4bc,S121
IT_d36fb9ee567f,S082
IT_17c9b0e1189e,S117
IT_4d6bebc2b1e1,S107
IT_dc240d4042ac,S010
IT_9b10b6f25735,S034
IT_7656c8e524b3,S037
IT_046357c61f9b,S106
IT_77c8366071e7,S101
IT_c9c2349c2631,S071
IT_ba333599c164,S080
IT_7764819cdebf,S043
IT_27af8786fff0,S080
IT_22f13b4e89a2,S022
IT_749b1f2a62b7,S062
IT_5bc31731d5be,S013
IT_a75f3c1eb9b1,S069
IT_7fe0a64dc371,S100
IT_05bc7b6b00c0,S101
IT_e001b914b466,S097
IT_3748664ec17a,S038
IT_8809170f29b6,S106
IT_218916a597f5,S116
IT_92e124a8ab7b,S078
IT_97de35df0685,S062
IT_6bf0567d02ae,S004
IT_d8f1f10c7aeb,S071
IT_3bce27d84c16,S094
IT_1c19a9b6d7c6,S061
IT_623ed5be7b0e,S009
IT_5654ed920d95,S069
IT_6643e643514f,S078
IT_0679d46be366,S102
IT_3979b4416f3b,S030
IT_0837305922b4,S101
IT_f6678b67b024,S053
IT_733f6d6a56ce,S006
IT_685720919362,S109
IT_908a0b7e7fa8,S033
IT_e7a3c095043d,S043
IT_73cf130e8d48,S070
IT_e0c571f78f6a,S030
IT_b3476eed4080,S101
IT_e9c5b7dc599a,S053
IT_179b9e5c3f8e,S088
IT_50828807ec9f,S080
IT_1dc0a0cd16bd,S094
IT_eaf5c610e6af,S101
IT_5b36b394ecc5,S010
IT_9edbcf7f3038,S061
IT_08a569eebbd4,S043
IT_b8409b176259,S043
IT_e65fc203d584,S036
IT_75c8711477a9,S100
IT_136cd26ee6b2,S102
IT_90be4bfcc24a,S022
IT_da9e341e4e73,S016
IT_759cd592bc97,S056
IT_a64f52bbaf8f,S074
IT_f53b137dd148,S097
IT_fc46a66871b1,S051
IT_6075a02329d4,S018
IT_b3a2e41e4e55,S016
IT_7401e67441fe,S110
IT_26d540c1ade3,S030
IT_080ec9b5e705,S121
IT_71ae64ea247a,S101
IT_187a97f1d448,S044
IT_240329b7ab09,S109
IT_bb6fc3b743c1,S101
IT_7b71acd7b8ba,S128
IT_9389add13223,S116
IT_8284f2dc690c,S018
IT_a7a1c4bedef2,S036
IT_c325107125da,S101
IT_4d79f2c6a704,S106
IT_90164cf91446,S102
IT_1186b92085de,S128
IT_872baace6564,S082
IT_ec73c9221d77,S116
IT_c00022365cca,S016
IT_1cb0320edac8,S043
IT_fe1fefc7dbb4,S101
IT_00de198deac7,S036
IT_6ead6f1fb142,S071
IT_5d54991d5877,S045
IT_31fc417a0c51,S069
IT_81633d959a28,S122
IT_c7fee3ce30b8,S034
IT_fefff39efbb5,S097
IT_c41c6b919334,S020
IT_68d54feee3af,S094
IT_617ee07694b1,S016
IT_2b8e02cf8a19,S061
IT_eb5f40262aa2,S110
IT_c63725275618,S045
IT_55e1abee036e,S101
IT_fcc87c00d07e,S110
IT_8c37ebf81f69,S106
IT_87133abfc30b,S079
IT_f51f853558a1,S069
IT_110ab1807e73,S109
IT_49a5f1cff001,S106
IT_b10828095c71,S078
IT_3d3144ec2d8a,S070
IT_cfc282896712,S018
IT_3d19dadecd7e,S112
IT_e975aaef6275,S012
IT_a64b8ad5f93d,S101
IT_adb2ea64fec5,S043
IT_167fa09202e8,S109
IT_cd108a7978c4,S101
IT_4c87e274d461,S071
IT_0291a2826a05,S110
IT_d4fd679f7996,S061
IT_170f45e2d1d8,S052
IT_968c9a798cde,S106
IT_0ef39c1ec35d,S074
IT_e61f08f0b40d,S020
IT_28793e909aa1,S078
IT_8385301b3fb0,S016
IT_c2fb3205f606,S055
IT_8e2739bb8a1c,S060
IT_e71e345b94ef,S101
IT_889a7319c465,S030
IT_0f16edc8e74b,S007
IT_0a277d76c716,S050
IT_bbea2dde9847,S043
IT_a369d8d615f2,S125
IT_651d7d6d46f1,S080
IT_df77b8ff5ece,S111
IT_8d210cba9e7b,S101
IT_aa3438c505dd,S053
IT_0af766e52bcf,S080
IT_4fddbdaa2d6c,S101
IT_373b12e72964,S043
IT_7d22d85b4eab,S085
IT_20ea8e6f48c9,S110
IT_4aca68d02688,S100
IT_9d79fac0d60d,S090
IT_75cd9e846177,S071
IT_fc1362160c32,S009
IT_a86fe9348837,S101
IT_b5f204d0e055,S043
IT_22ef45ac236e,S022
IT_05b0f6262087,S016
IT_7b6c885389b3,S018
IT_fa024ebdcf42,S110
IT_25eec7b1784e,S088
IT_2803d79a8f4c,S116
IT_35b56c691779,S006
IT_39fd1519e0cb,S101
IT_a45e682b42f8,S016
IT_b9332e4ac0cb,S101
IT_660695bafcf1,S101
IT_2e7e77194b19,S076
IT_1eb4e42d5e0b,S045
IT_85a4dd0697ac,S085
IT_26f407b15572,S078
IT_b3d58ff4676c,S109
IT_9187b8ad425a,S044
IT_6d826dc06694,S105
IT_a41e4f5e0716,S033
IT_18e3dce76086,S102
IT_a4fdbf5524ab,S078
IT_ea9d53d15656,S043
IT_99540914307c,S101
IT_dac2c492ee49,S026
IT_fac3fff12ae2,S046
IT_f73250fe339e,S097
IT_b1b600198db7,S115
IT_e0d66c1290f8,S007
IT_7eb3a3ee2c4f,S121
IT_e73c9e02aead,S063
IT_8397c9d3c2b5,S043
IT_973ec05b8626,S111
IT_27712ab1f498,S049
IT_8a7881192c1d,S012
IT_946cfac217c2,S101
IT_90ec92b4816f,S101
IT_902204fd6ba8,S100
IT_bd0775355e65,S111
IT_84feafc6360c,S101
IT_0f769ba42bf4,S101
IT_65b3e62be858,S045
IT_ae74a62867a7,S059
IT_c113f03226c6,S101
IT_9c6dca19bfee,S016
IT_cea19ec97c40,S010
IT_71f5d809fecf,S106
IT_4d5ba35222a2,S034
IT_17aee59b7d9e,S036
IT_f185cc880f89,S115
IT_b7e94dfc5735,S108
IT_942a4a99f04e,S111
IT_b83277950ecf,S101
IT_e32c21ca8810,S109
IT_da04647a2ea8,S016
IT_abb0b7b17275,S020
IT_3a09479ded67,S101
IT_fc3665c156be,S035
IT_414692082331,S078
IT_3f45dd315653,S012
IT_2bf762ed449d,S102
IT_e97e61051260,S106
IT_e0bfe4262318,S007
IT_5f6372e26b5e,S062
IT_6012972f0c32,S110
IT_7d518b00bc86,S061
IT_f49d3ae13f85,S035
IT_b0a3164f64fa,S061
IT_c77081d07b16,S061
IT_2590b2f96777,S106
IT_71205da9405a,S007
IT_03c281e4d153,S035
IT_669464add02f,S044
IT_eddd60d3d104,S090
IT_b496bb11249a,S101
IT_269360af6436,S056
IT_0d764995473e,S071
IT_5ff518cb8e41,S006
IT_7808f0de03d9,S056
IT_c601e2314e3b,S101
IT_c311d2fab51e,S027
IT_6519f240b10a,S101
IT_3a92a07ba3e4,S127
IT_69aecebd906e,S101
IT_1f867b3e4969,S101
IT_17b600f76c15,S116
IT_5e106a4363fa,S116
IT_d3b001362d73,S030
IT_a9b5eb3b6ac4,S100
IT_fb202a16d048,S092
IT_eac05070d26d,S110
IT_51342708f86e,S043
IT_af32ffb3dfcd,S045
IT_0af21b49e72f,S069
IT_572a891899e1,S101
IT_f482b1546d87,S116
IT_3f6a0224cb1f,S111
IT_49acb23869e4,S097
IT_3939517e7e8e,S002
IT_1ab26ff8d1a3,S078
IT_df477e170205,S101
IT_0e2ecbabcb88,S111
IT_500985904ba5,S016
IT_24a7fccf1ba7,S030
IT_ab635c0dc69b,S101
IT_af0421c080a4,S090
IT_8506b0741848,S118
IT_a83644bcc683,S078
IT_3403da1cd1dd,S080
IT_902edc9bae2d,S115
IT_febc85c38799,S068
IT_f031f96547ec,S109
IT_dca854a77bd9,S124
IT_ce6f3e75264d,S009
IT_a2ae72f77c4c,S102
IT_adf29ef91a9c,S066
IT_c4793c6233b0,S101
IT_58d8d8240711,S101
IT_cb87a8bf6b1c,S059
IT_635376316bf9,S030
IT_4ca6886567dc,S010
IT_6c56d5026d2c,S004
IT_de442a59b1e1,S115
IT_c0dc9c59ff6a,S063
IT_fd6e48ce5595,S010
IT_7b70e3db6195,S101
IT_9afda9842822,S060
IT_d55308db34b9,S056
IT_69ab732a0588,S004
IT_9c1ad1ae9ce6,S034
IT_9c3f8891a962,S111
IT_fbc04140f34c,S115
IT_093116ca231c,S060
IT_95e210ada9ef,S124
IT_28288b5d7b36,S111
IT_d00bdd7fe524,S012
IT_474edb449917,S007
IT_61bafa75f5d7,S109
IT_79e634e3ec2b,S053
IT_ab424a63f45d,S101
IT_3ab9afbe5124,S030
IT_bdd97383fa54,S016
IT_584ce16de4c5,S043
IT_6a55d9c015f2,S000
IT_331f07587068,S109
IT_c0a9df46f639,S081
IT_b33fa890db8a,S063
IT_18173ae6bdee,S006
IT_87f74bfcf02c,S043
IT_10c2dc148eeb,S102
IT_6b4d658c1140,S101
IT_628bffe01c1e,S074
IT_4aafb79c53ba,S071
IT_477c53470e92,S101
IT_a50c4a9f782d,S101
IT_c61fa92aa384,S097
IT_62c2046fdcdc,S028
IT_9fd15374eae5,S043
IT_9e9b65466e8b,S080
IT_223f792d2188,S041
IT_bbe3c96f3ac2,S078
IT_a4bd38e7516a,S016
IT_2f581c73d708,S111
IT_97f988cdbc11,S101
IT_12cd37be4dda,S075
IT_9310b9161e86,S009
IT_8f838902bec6,S111
IT_7e7b1d5984c7,S016
IT_ec2f46b4fc94,S107
IT_b0c53492bd0c,S097
IT_ee1a14157715,S102
IT_1495f13e69d0,S110
IT_173331c35576,S019
IT_197f7dcb60d1,S069
IT_05788e2677ad,S043
IT_ee69e1339974,S106
IT_34cb3946b66b,S037
IT_5591c36cd957,S075
IT_08425a6d4628,S113
IT_3cc7c7463dff,S063
IT_abf42082bee9,S088
IT_803d12d02d0e,S057
IT_58a93494b386,S052
IT_2acf744bdeff,S079
IT_783cbbc9df5b,S061
IT_45287f34bd7f,S110
IT_9931302d95a9,S016
IT_f3d1e08aeeec,S106
IT_e32bdb31d40d,S036
IT_6053e5327e80,S037
IT_186e00627e78,S013
IT_4d5d195b10fa,S111
IT_b463a2f03ccb,S071
IT_cbfe457ed5bb,S078
IT_7ddbfac165bb,S022
IT_4501933d721e,S061
IT_f27e9060ec87,S078
IT_a189669aa710,S111
IT_90cce182c00f,S101
IT_023260dba169,S055
IT_ba9eaf7f2f6e,S110
IT_1b0656009729,S101
IT_e3dd140c1e15,S106
IT_08fe012338c2,S110
IT_f1e437dba543,S080
IT_f71ca140b964,S034
IT_46acbff2869f,S046
IT_d1e841c78b12,S121
IT_dd7bad3cd179,S043
IT_004f85697094,S085
IT_f6dec61d5024,S016
IT_2d8c438dcbca,S002
IT_156c5638b8b2,S016
IT_6fd7965a51c5,S043
IT_f890cbb23f87,S111
IT_876516c19c51,S009
IT_d4ce3b056217,S020
IT_05e4efff1646,S116
IT_e574a67f4e67,S013
IT_e8bc2489d315,S099
IT_e718edc523d8,S101
IT_bfe81da8cf03,S101
IT_373b539da1a5,S111
IT_51b223852a45,S111
IT_184cf0d76c69,S101
IT_249c6a4fc81c,S012
IT_7dcd867e1022,S043
IT_bbdea9906aca,S088
IT_54cbf86edeb6,S109
IT_81814db714b6,S121
IT_9e6a962f7288,S101
IT_0e589616b61c,S076
IT_7113004202b8,S056
IT_c7115bd2ceb3,S061
IT_861352ad0a33,S012
IT_f2cca8f7f86e,S101
IT_5b649e6712b8,S097
IT_97ed0ae841ae,S085
IT_c8f73d7c93a4,S043
IT_3078fe83741f,S110
IT_71c30e9392c6,S073
IT_248adaa42650,S080
IT_3653d84bb841,S105
IT_fd927be1731e,S101
IT_27850b3067e3,S061
IT_016da896d4eb,S018
IT_3fab6a9ecb90,S053
IT_abb1a3f155ab,S088
IT_5982907ebb35,S052
IT_5b23bb1589b8,S106
IT_12ff7c70e6c7,S043
IT_d1de95967320,S111
IT_01460370cbbd,S085
IT_fc9d58de0e23,S036
IT_7ee35f3ffd20,S114
IT_acdd704ea8d0,S101
IT_7e0045310d7b,S107
IT_5459e54c1f05,S009
IT_f2011cc17364,S055
IT_289fd5aa86cb,S045
IT_95964f67896f,S101
IT_d9ff6057f4a3,S043
IT_9c0456d0dc4b,S101
IT_f8121f8ebd58,S080
IT_3cf62dca3901,S046
IT_a24ab9f6a6fe,S079
IT_a7a89c9992c7,S070
IT_609fe4372b34,S106
IT_b3de6dd19fd9,S080
IT_928c57afd875,S125
IT_95f76a5f9c7b,S022
IT_a69048075e2d,S074
IT_022f8b9df373,S109
IT_72c373aef2c4,S048
IT_bb8f9a759c9f,S016
IT_89b3f6a76954,S015
