pump_id,pump_model,site,cohort,first_record,last_record
P0001,HX-500,SITE-A,pilot,2025-01-06,2025-04-05 23:00:00
P0002,HX-500,SITE-C,pilot,2025-01-06,2025-04-05 23:00:00
P0003,HX-500,SITE-A,pilot,2025-01-06,2025-04-05 23:00:00
P0004,HX-500,SITE-C,pilot,2025-01-06,2025-04-05 23:00:00
P0005,HX-500,SITE-A,pilot,2025-01-06,2025-04-05 23:00:00
P0006,HX-500,SITE-C,pilot,2025-01-06,2025-04-05 23:00:00
P0007,HX-500,SITE-C,pilot,2025-01-06,2025-04-05 23:00:00
P0008,HX-500,SITE-A,pilot,2025-01-06,2025-04-05 23:00:00
P0009,MV-90,SITE-A,pilot,2025-01-06,2025-04-05 23:00:00
P0010,HX-300,SITE-B,pilot,2025-01-06,2025-04-05 23:00:00
P0011,MV-90,SITE-B,pilot,2025-01-06,2025-04-05 23:00:00
P0012,HX-500,SITE-A,pilot,2025-01-06,2025-04-05 23:00:00
P0013,MV-90,SITE-A,pilot,2025-01-06,2025-04-05 23:00:00
P0014,HX-300,SITE-B,pilot,2025-01-06,2025-04-05 23:00:00
P0015,HX-300,SITE-C,pilot,2025-01-06,2025-04-05 23:00:00
P0016,MV-90,SITE-A,pilot,2025-01-06,2025-04-05 23:00:00
P0017,MV-90,SITE-C,pilot,2025-01-06,2025-04-05 23:00:00
P0018,HX-500,SITE-A,pilot,2025-01-06,2025-04-05 23:00:00
P0019,HX-500,SITE-A,pilot,2025-01-06,2025-04-05 23:00:00
P0020,HX-500,SITE-A,pilot,2025-01-06,2025-04-05 23:00:00
P0021,HX-300,SITE-C,pilot,2025-01-06,2025-04-05 23:00:00
P0022,HX-300,SITE-B,pilot,2025-01-06,2025-04-05 23:00:00
P0023,HX-300,SITE-A,pilot,2025-01-06,2025-04-05 23:00:00
P0024,HX-300,SITE-C,pilot,2025-01-06,2025-04-05 23:00:00
P0025,HX-300,SITE-B,pilot,2025-01-06,2025-04-05 23:00:00
P0026,MV-90,SITE-B,pilot,2025-01-06,2025-04-05 23:00:00
P0027,HX-300,SITE-B,pilot,2025-01-06,2025-04-05 23:00:00
P0028,MV-90,SITE-A,pilot,2025-01-06,2025-04-05 23:00:00
P0029,HX-500,SITE-B,pilot,2025-01-06,2025-04-05 23:00:00
P0030,HX-300,SITE-B,pilot,2025-01-06,2025-04-05 23:00:00
P0031,HX-500,SITE-A,pilot,2025-01-06,2025-04-05 23:00:00
P0032,HX-500,SITE-B,pilot,2025-01-06,2025-04-05 23:00:00
P0033,MV-90,SITE-B,pilot,2025-01-06,2025-04-05 23:00:00
P0034,HX-300,SITE-A,pilot,2025-01-06,2025-04-05 23:00:00
P0035,HX-500,SITE-C,pilot,2025-01-06,2025-04-05 23:00:00
P0036,MV-90,SITE-B,pilot,2025-01-06,2025-04-05 23:00:00
P0037,HX-300,SITE-A,pilot,2025-01-06,2025-04-05 23:00:00
P0038,HX-300,SITE-A,pilot,2025-01-06,2025-04-05 23:00:00
P0039,HX-500,SITE-A,pilot,2025-01-06,2025-04-05 23:00:00
P0040,MV-90,SITE-A,pilot,2025-01-06,2025-04-05 23:00:00
P0041,MV-90,SITE-B,pilot,2025-01-06,2025-04-05 23:00:00
P0042,MV-90,SITE-B,pilot,2025-01-06,2025-04-05 23:00:00
P0043,HX-500,SITE-A,pilot,2025-01-06,2025-04-05 23:00:00
P0044,HX-500,SITE-A,pilot,2025-01-06,2025-04-05 23:00:00
P0045,HX-300,SITE-A,pilot,2025-01-06,2025-04-05 23:00:00
P0046,HX-300,SITE-A,pilot,2025-01-06,2025-04-05 23:00:00
P0047,HX-300,SITE-B,pilot,2025-01-06,2025-04-05 23:00:00
P0048,HX-300,SITE-B,pilot,2025-01-06,2025-04-05 23:00:00
P0049,HX-500,SITE-B,pilot,2025-01-06,2025-04-05 23:00:00
P0050,HX-300,SITE-B,pilot,2025-01-06,2025-04-05 23:00:00
P0051,MV-90,SITE-B,pilot,2025-01-06,2025-04-05 23:00:00
P0052,MV-90,SITE-B,pilot,2025-01-06,2025-04-05 23:00:00
P0053,HX-500,SITE-A,pilot,2025-01-06,2025-04-05 23:00:00
P0054,HX-300,SITE-A,pilot,2025-01-06,2025-04-05 23:00:00
P0055,HX-500,SITE-A,pilot,2025-01-06,2025-04-05 23:00:00
P0056,HX-500,SITE-C,pilot,2025-01-06,2025-04-05 23:00:00
P0057,HX-300,SITE-A,pilot,2025-01-06,2025-04-05 23:00:00
P0058,MV-90,SITE-B,pilot,2025-01-06,2025-04-05 23:00:00
P0059,HX-300,SITE-B,pilot,2025-01-06,2025-04-05 23:00:00
P0060,HX-500,SITE-A,pilot,2025-01-06,2025-04-05 23:00:00
P0061,HX-300,SITE-A,pilot,2025-01-06,2025-04-05 23:00:00
P0062,HX-500,SITE-A,pilot,2025-01-06,2025-04-05 23:00:00
P0063,HX-500,SITE-A,pilot,2025-01-06,2025-04-05 23:00:00
P0064,HX-300,SITE-B,pilot,2025-01-06,2025-04-05 23:00:00
P0065,HX-500,SITE-B,pilot,2025-01-06,2025-04-05 23:00:00
P0066,HX-300,SITE-B,pilot,2025-01-06,2025-04-05 23:00:00
P0067,HX-300,SITE-A,pilot,2025-01-06,2025-04-05 23:00:00
P0068,HX-300,SITE-B,pilot,2025-01-06,2025-04-05 23:00:00
P0069,HX-300,SITE-A,pilot,2025-01-06,2025-04-05 23:00:00
P0070,MV-90,SITE-B,pilot,2025-01-06,2025-04-05 23:00:00
P0071,HX-500,SITE-A,pilot,2025-01-06,2025-04-05 23:00:00
P0072,HX-500,SITE-C,pilot,2025-01-06,2025-04-05 23:00:00
P0073,HX-300,SITE-C,pilot,2025-01-06,2025-04-05 23:00:00
P0074,MV-90,SITE-A,pilot,2025-01-06,2025-04-05 23:00:00
P0075,MV-90,SITE-C,pilot,2025-01-06,2025-04-05 23:00:00
P0076,HX-300,SITE-A,pilot,2025-01-06,2025-04-05 23:00:00
P0077,HX-500,SITE-A,pilot,2025-01-06,2025-04-05 23:00:00
P0078,HX-500,SITE-B,pilot,2025-01-06,2025-04-05 23:00:00
P0079,MV-90,SITE-C,pilot,2025-01-06,2025-04-05 23:00:00
P0080,HX-300,SITE-B,pilot,2025-01-06,2025-04-05 23:00:00
P0081,HX-300,SITE-B,pilot,2025-01-06,2025-04-05 23:00:00
P0082,HX-500,SITE-C,pilot,2025-01-06,2025-04-05 23:00:00
P0083,MV-90,SITE-B,pilot,2025-01-06,2025-04-05 23:00:00
P0084,HX-500,SITE-C,pilot,2025-01-06,2025-04-05 23:00:00
P0085,MV-90,SITE-A,pilot,2025-01-06,2025-04-05 23:00:00
P0086,MV-90,SITE-C,pilot,2025-01-06,2025-04-05 23:00:00
P0087,HX-500,SITE-A,pilot,2025-01-06,2025-04-05 23:00:00
P0088,MV-90,SITE-B,pilot,2025-01-06,2025-04-05 23:00:00
P0089,HX-300,SITE-C,pilot,2025-01-06,2025-04-05 23:00:00
P0090,HX-300,SITE-A,pilot,2025-01-06,2025-04-05 23:00:00
P0091,HX-300,SITE-A,pilot,2025-01-06,2025-04-05 23:00:00
P0092,HX-500,SITE-A,pilot,2025-01-06,2025-04-05 23:00:00
P0093,MV-90,SITE-C,pilot,2025-01-06,2025-04-05 23:00:00
P0094,HX-300,SITE-B,pilot,2025-01-06,2025-04-05 23:00:00
P0095,HX-500,SITE-B,pilot,2025-01-06,2025-04-05 23:00:00
P0096,HX-500,SITE-A,pilot,2025-01-06,2025-04-05 23:00:00
P0097,HX-500,SITE-B,pilot,2025-01-06,2025-04-05 23:00:00
P0098,MV-90,SITE-A,pilot,2025-01-06,2025-04-05 23:00:00
P0099,MV-90,SITE-A,pilot,2025-01-06,2025-04-05 23:00:00
P0100,HX-500,SITE-A,pilot,2025-01-06,2025-04-05 23:00:00
R0001,HX-300,SITE-C,rollout,2025-04-07,2025-04-26 23:00:00
R0002,HX-300,SITE-B,rollout,2025-04-07,2025-04-26 23:00:00
R0003,HX-300,SITE-A,rollout,2025-04-07,2025-04-26 23:00:00
R0004,HX-300,SITE-C,rollout,2025-04-07,2025-04-26 23:00:00
R0005,HX-300,SITE-B,rollout,2025-04-07,2025-04-26 23:00:00
R0006,HX-300,SITE-B,rollout,2025-04-07,2025-04-26 23:00:00
R0007,HX-300,SITE-C,rollout,2025-04-07,2025-04-26 23:00:00
R0008,HX-300,SITE-A,rollout,2025-04-07,2025-04-26 23:00:00
R0009,HX-300,SITE-A,rollout,2025-04-07,2025-04-26 23:00:00
R0010,MV-90,SITE-C,rollout,2025-04-07,2025-04-26 23:00:00
R0011,HX-300,SITE-B,rollout,2025-04-07,2025-04-26 23:00:00
R0012,HX-500,SITE-B,rollout,2025-04-07,2025-04-26 23:00:00
R0013,HX-300,SITE-A,rollout,2025-04-07,2025-04-26 23:00:00
R0014,HX-500,SITE-C,rollout,2025-04-07,2025-04-26 23:00:00
R0015,HX-300,SITE-B,rollout,2025-04-07,2025-04-26 23:00:00
R0016,HX-300,SITE-A,rollout,2025-04-07,2025-04-26 23:00:00
R0017,MV-90,SITE-A,rollout,2025-04-07,2025-04-26 23:00:00
R0018,HX-500,SITE-B,rollout,2025-04-07,2025-04-26 23:00:00
R0019,HX-500,SITE-A,rollout,2025-04-07,2025-04-26 23:00:00
R0020,HX-500,SITE-B,rollout,2025-04-07,2025-04-26 23:00:00
R0021,HX-500,SITE-A,rollout,2025-04-07,2025-04-26 23:00:00
R0022,HX-300,SITE-A,rollout,2025-04-07,2025-04-26 23:00:00
R0023,MV-90,SITE-C,rollout,2025-04-07,2025-04-26 23:00:00
R0024,HX-500,SITE-A,rollout,2025-04-07,2025-04-26 23:00:00
R0025,MV-90,SITE-A,rollout,2025-04-07,2025-04-26 23:00:00
R0026,HX-300,SITE-B,rollout,2025-04-07,2025-04-26 23:00:00
R0027,HX-500,SITE-B,rollout,2025-04-07,2025-04-26 23:00:00
R0028,HX-300,SITE-A,rollout,2025-04-07,2025-04-26 23:00:00
R0029,HX-300,SITE-B,rollout,2025-04-07,2025-04-26 23:00:00
R0030,MV-90,SITE-C,rollout,2025-04-07,2025-04-26 23:00:00
R0031,MV-90,SITE-A,rollout,2025-04-07,2025-04-26 23:00:00
R0032,MV-90,SITE-B,rollout,2025-04-07,2025-04-26 23:00:00
R0033,HX-300,SITE-B,rollout,2025-04-07,2025-04-26 23:00:00
R0034,HX-500,SITE-B,rollout,2025-04-07,2025-04-26 23:00:00
R0035,HX-300,SITE-A,rollout,2025-04-07,2025-04-26 23:00:00
R0036,HX-500,SITE-B,rollout,2025-04-07,2025-04-26 23:00:00
R0037,HX-300,SITE-B,rollout,2025-04-07,2025-04-26 23:00:00
R0038,HX-500,SITE-A,rollout,2025-04-07,2025-04-26 23:00:00
R0039,MV-90,SITE-B,rollout,2025-04-07,2025-04-26 23:00:00
R0040,HX-300,SITE-A,rollout,2025-04-07,2025-04-26 23:00:00
R0041,HX-300,SITE-C,rollout,2025-04-07,2025-04-26 23:00:00
R0042,HX-500,SITE-B,rollout,2025-04-07,2025-04-26 23:00:00
R0043,HX-500,SITE-A,rollout,2025-04-07,2025-04-26 23:00:00
R0044,HX-500,SITE-A,rollout,2025-04-07,2025-04-26 23:00:00
R0045,MV-90,SITE-C,rollout,2025-04-07,2025-04-26 23:00:00
R0046,HX-500,SITE-C,rollout,2025-04-07,2025-04-26 23:00:00
R0047,HX-300,SITE-A,rollout,2025-04-07,2025-04-26 23:00:00
R0048,HX-300,SITE-B,rollout,2025-04-07,2025-04-26 23:00:00
R0049,MV-90,SITE-A,rollout,2025-04-07,2025-04-26 23:00:00
R0050,HX-500,SITE-B,rollout,2025-04-07,2025-04-26 23:00:00
R0051,HX-300,SITE-B,rollout,2025-04-07,2025-04-26 23:00:00
R0052,HX-300,SITE-A,rollout,2025-04-07,2025-04-26 23:00:00
R0053,HX-500,SITE-B,rollout,2025-04-07,2025-04-26 23:00:00
R0054,MV-90,SITE-B,rollout,2025-04-07,2025-04-26 23:00:00
R0055,HX-300,SITE-A,rollout,2025-04-07,2025-04-26 23:00:00
R0056,MV-90,SITE-B,rollout,2025-04-07,2025-04-26 23:00:00
R0057,HX-500,SITE-C,rollout,2025-04-07,2025-04-26 23:00:00
R0058,MV-90,SITE-A,rollout,2025-04-07,2025-04-26 23:00:00
R0059,HX-500,SITE-C,rollout,2025-04-07,2025-04-26 23:00:00
R0060,MV-90,SITE-A,rollout,2025-04-07,2025-04-26 23:00:00
R0061,HX-300,SITE-B,rollout,2025-04-07,2025-04-26 23:00:00
R0062,HX-300,SITE-A,rollout,2025-04-07,2025-04-26 23:00:00
R0063,HX-500,SITE-B,rollout,2025-04-07,2025-04-26 23:00:00
R0064,HX-300,SITE-C,rollout,2025-04-07,2025-04-26 23:00:00
R0065,HX-500,SITE-C,rollout,2025-04-07,2025-04-26 23:00:00
R0066,HX-500,SITE-A,rollout,2025-04-07,2025-04-26 23:00:00
R0067,HX-300,SITE-A,rollout,2025-04-07,2025-04-26 23:00:00
R0068,HX-300,SITE-C,rollout,2025-04-07,2025-04-26 23:00:00
R0069,HX-500,SITE-A,rollout,2025-04-07,2025-04-26 23:00:00
R0070,HX-300,SITE-C,rollout,2025-04-07,2025-04-26 23:00:00
R0071,HX-300,SITE-A,rollout,2025-04-07,2025-04-26 23:00:00
R0072,HX-500,SITE-C,rollout,2025-04-07,2025-04-26 23:00:00
R0073,HX-500,SITE-B,rollout,2025-04-07,2025-04-26 23:00:00
R0074,HX-500,SITE-A,rollout,2025-04-07,2025-04-26 23:00:00
R0075,HX-500,SITE-A,rollout,2025-04-07,2025-04-26 23:00:00
R0076,HX-300,SITE-A,rollout,2025-04-07,2025-04-26 23:00:00
R0077,HX-500,SITE-B,rollout,2025-04-07,2025-04-26 23:00:00
R0078,HX-500,SITE-B,rollout,2025-04-07,2025-04-26 23:00:00
R0079,HX-300,SITE-C,rollout,2025-04-07,2025-04-26 23:00:00
R0080,HX-500,SITE-C,rollout,2025-04-07,2025-04-26 23:00:00
R0081,HX-300,SITE-A,rollout,2025-04-07,2025-04-26 23:00:00
R0082,MV-90,SITE-C,rollout,2025-04-07,2025-04-26 23:00:00
R0083,HX-300,SITE-B,rollout,2025-04-07,2025-04-26 23:00:00
R0084,HX-300,SITE-C,rollout,2025-04-07,2025-04-26 23:00:00
R0085,MV-90,SITE-A,rollout,2025-04-07,2025-04-26 23:00:00
R0086,HX-300,SITE-A,rollout,2025-04-07,2025-04-26 23:00:00
R0087,HX-500,SITE-A,rollout,2025-04-07,2025-04-26 23:00:00
R0088,HX-300,SITE-B,rollout,2025-04-07,2025-04-26 23:00:00
R0089,MV-90,SITE-B,rollout,2025-04-07,2025-04-26 23:00:00
R0090,HX-300,SITE-B,rollout,2025-04-07,2025-04-26 23:00:00
R0091,HX-300,SITE-A,rollout,2025-04-07,2025-04-26 23:00:00
R0092,HX-500,SITE-B,rollout,2025-04-07,2025-04-26 23:00:00
R0093,HX-500,SITE-B,rollout,2025-04-07,2025-04-26 23:00:00
R0094,HX-300,SITE-B,rollout,2025-04-07,2025-04-26 23:00:00
R0095,HX-500,SITE-B,rollout,2025-04-07,2025-04-26 23:00:00
R0096,HX-300,SITE-A,rollout,2025-04-07,2025-04-26 23:00:00
R0097,HX-300,SITE-A,rollout,2025-04-07,2025-04-26 23:00:00
R0098,HX-300,SITE-B,rollout,2025-04-07,2025-04-26 23:00:00
R0099,MV-90,SITE-A,rollout,2025-04-07,2025-04-26 23:00:00
R0100,HX-300,SITE-B,rollout,2025-04-07,2025-04-26 23:00:00
R0101,HX-300,SITE-B,rollout,2025-04-07,2025-04-26 23:00:00
R0102,HX-300,SITE-B,rollout,2025-04-07,2025-04-26 23:00:00
R0103,HX-300,SITE-B,rollout,2025-04-07,2025-04-26 23:00:00
R0104,HX-300,SITE-C,rollout,2025-04-07,2025-04-26 23:00:00
R0105,HX-300,SITE-A,rollout,2025-04-07,2025-04-26 23:00:00
R0106,HX-500,SITE-C,rollout,2025-04-07,2025-04-26 23:00:00
R0107,HX-500,SITE-A,rollout,2025-04-07,2025-04-26 23:00:00
R0108,MV-90,SITE-B,rollout,2025-04-07,2025-04-26 23:00:00
R0109,HX-300,SITE-A,rollout,2025-04-07,2025-04-26 23:00:00
R0110,HX-300,SITE-C,rollout,2025-04-07,2025-04-26 23:00:00
R0111,HX-300,SITE-A,rollout,2025-04-07,2025-04-26 23:00:00
R0112,HX-300,SITE-C,rollout,2025-04-07,2025-04-26 23:00:00
R0113,MV-90,SITE-A,rollout,2025-04-07,2025-04-26 23:00:00
R0114,HX-500,SITE-A,rollout,2025-04-07,2025-04-26 23:00:00
R0115,HX-300,SITE-A,rollout,2025-04-07,2025-04-26 23:00:00
R0116,HX-300,SITE-A,rollout,2025-04-07,2025-04-26 23:00:00
R0117,HX-500,SITE-C,rollout,2025-04-07,2025-04-26 23:00:00
R0118,MV-90,SITE-A,rollout,2025-04-07,2025-04-26 23:00:00
R0119,HX-500,SITE-A,rollout,2025-04-07,2025-04-26 23:00:00
R0120,MV-90,SITE-A,rollout,2025-04-07,2025-04-26 23:00:00
R0121,HX-500,SITE-C,rollout,2025-04-07,2025-04-26 23:00:00
R0122,HX-300,SITE-A,rollout,2025-04-07,2025-04-26 23:00:00
R0123,HX-300,SITE-A,rollout,2025-04-07,2025-04-26 23:00:00
R0124,HX-300,SITE-A,rollout,2025-04-07,2025-04-26 23:00:00
R0125,MV-90,SITE-A,rollout,2025-04-07,2025-04-26 23:00:00
R0126,HX-500,SITE-B,rollout,2025-04-07,2025-04-26 23:00:00
R0127,HX-500,SITE-A,rollout,2025-04-07,2025-04-26 23:00:00
R0128,HX-300,SITE-B,rollout,2025-04-07,2025-04-26 23:00:00
R0129,HX-500,SITE-A,rollout,2025-04-07,2025-04-26 23:00:00
R0130,HX-300,SITE-C,rollout,2025-04-07,2025-04-26 23:00:00
R0131,HX-300,SITE-A,rollout,2025-04-07,2025-04-26 23:00:00
R0132,HX-300,SITE-A,rollout,2025-04-07,2025-04-26 23:00:00
R0133,HX-300,SITE-A,rollout,2025-04-07,2025-04-26 23:00:00
R0134,HX-300,SITE-A,rollout,2025-04-07,2025-04-26 23:00:00
R0135,HX-300,SITE-B,rollout,2025-04-07,2025-04-26 23:00:00
R0136,HX-500,SITE-A,rollout,2025-04-07,2025-04-26 23:00:00
R0137,HX-300,SITE-A,rollout,2025-04-07,2025-04-26 23:00:00
R0138,HX-500,SITE-A,rollout,2025-04-07,2025-04-26 23:00:00
R0139,HX-500,SITE-C,rollout,2025-04-07,2025-04-26 23:00:00
R0140,HX-500,SITE-A,rollout,2025-04-07,2025-04-26 23:00:00
R0141,HX-500,SITE-A,rollout,2025-04-07,2025-04-26 23:00:00
R0142,HX-500,SITE-B,rollout,2025-04-07,2025-04-26 23:00:00
R0143,HX-300,SITE-B,rollout,2025-04-07,2025-04-26 23:00:00
R0144,HX-300,SITE-B,rollout,2025-04-07,2025-04-26 23:00:00
R0145,MV-90,SITE-A,rollout,2025-04-07,2025-04-26 23:00:00
R0146,HX-300,SITE-A,rollout,2025-04-07,2025-04-26 23:00:00
R0147,HX-500,SITE-C,rollout,2025-04-07,2025-04-26 23:00:00
R0148,HX-300,SITE-C,rollout,2025-04-07,2025-04-26 23:00:00
R0149,HX-300,SITE-A,rollout,2025-04-07,2025-04-26 23:00:00
R0150,MV-90,SITE-A,rollout,2025-04-07,2025-04-26 23:00:00
R0151,HX-500,SITE-C,rollout,2025-04-07,2025-04-26 23:00:00
R0152,HX-500,SITE-A,rollout,2025-04-07,2025-04-26 23:00:00
R0153,HX-500,SITE-B,rollout,2025-04-07,2025-04-26 23:00:00
R0154,HX-300,SITE-B,rollout,2025-04-07,2025-04-26 23:00:00
R0155,HX-300,SITE-A,rollout,2025-04-07,2025-04-26 23:00:00
R0156,HX-500,SITE-B,rollout,2025-04-07,2025-04-26 23:00:00
R0157,HX-500,SITE-A,rollout,2025-04-07,2025-04-26 23:00:00
R0158,HX-300,SITE-A,rollout,2025-04-07,2025-04-26 23:00:00
R0159,HX-300,SITE-A,rollout,2025-04-07,2025-04-26 23:00:00
R0160,HX-300,SITE-A,rollout,2025-04-07,2025-04-26 23:00:00
R0161,HX-500,SITE-B,rollout,2025-04-07,2025-04-26 23:00:00
R0162,HX-500,SITE-B,rollout,2025-04-07,2025-04-26 23:00:00
R0163,HX-300,SITE-C,rollout,2025-04-07,2025-04-26 23:00:00
R0164,HX-500,SITE-A,rollout,2025-04-07,2025-04-26 23:00:00
R0165,HX-300,SITE-C,rollout,2025-04-07,2025-04-26 23:00:00
R0166,MV-90,SITE-A,rollout,2025-04-07,2025-04-26 23:00:00
R0167,HX-300,SITE-B,rollout,2025-04-07,2025-04-26 23:00:00
R0168,HX-500,SITE-B,rollout,2025-04-07,2025-04-26 23:00:00
R0169,HX-500,SITE-B,rollout,2025-04-07,2025-04-26 23:00:00
R0170,MV-90,SITE-A,rollout,2025-04-07,2025-04-26 23:00:00
R0171,HX-300,SITE-C,rollout,2025-04-07,2025-04-26 23:00:00
R0172,MV-90,SITE-B,rollout,2025-04-07,2025-04-26 23:00:00
R0173,MV-90,SITE-B,rollout,2025-04-07,2025-04-26 23:00:00
R0174,HX-300,SITE-C,rollout,2025-04-07,2025-04-26 23:00:00
R0175,HX-300,SITE-A,rollout,2025-04-07,2025-04-26 23:00:00
R0176,HX-300,SITE-A,rollout,2025-04-07,2025-04-26 23:00:00
R0177,HX-300,SITE-B,rollout,2025-04-07,2025-04-26 23:00:00
R0178,MV-90,SITE-A,rollout,2025-04-07,2025-04-26 23:00:00
R0179,HX-500,SITE-B,rollout,2025-04-07,2025-04-26 23:00:00
R0180,MV-90,SITE-A,rollout,2025-04-07,2025-04-26 23:00:00
R0181,HX-300,SITE-A,rollout,2025-04-07,2025-04-26 23:00:00
R0182,HX-500,SITE-A,rollout,2025-04-07,2025-04-26 23:00:00
R0183,HX-300,SITE-C,rollout,2025-04-07,2025-04-26 23:00:00
R0184,MV-90,SITE-B,rollout,2025-04-07,2025-04-26 23:00:00
R0185,MV-90,SITE-B,rollout,2025-04-07,2025-04-26 23:00:00
R0186,MV-90,SITE-A,rollout,2025-04-07,2025-04-26 23:00:00
R0187,HX-300,SITE-B,rollout,2025-04-07,2025-04-26 23:00:00
R0188,HX-300,SITE-B,rollout,2025-04-07,2025-04-26 23:00:00
R0189,MV-90,SITE-A,rollout,2025-04-07,2025-04-26 23:00:00
R0190,HX-300,SITE-B,rollout,2025-04-07,2025-04-26 23:00:00
R0191,HX-500,SITE-B,rollout,2025-04-07,2025-04-26 23:00:00
R0192,HX-500,SITE-B,rollout,2025-04-07,2025-04-26 23:00:00
R0193,HX-300,SITE-C,rollout,2025-04-07,2025-04-26 23:00:00
R0194,MV-90,SITE-C,rollout,2025-04-07,2025-04-26 23:00:00
R0195,HX-300,SITE-A,rollout,2025-04-07,2025-04-26 23:00:00
R0196,HX-300,SITE-A,rollout,2025-04-07,2025-04-26 23:00:00
R0197,HX-500,SITE-A,rollout,2025-04-07,2025-04-26 23:00:00
R0198,HX-300,SITE-A,rollout,2025-04-07,2025-04-26 23:00:00
R0199,HX-300,SITE-C,rollout,2025-04-07,2025-04-26 23:00:00
R0200,HX-300,SITE-B,rollout,2025-04-07,2025-04-26 23:00:00
R0201,HX-300,SITE-A,rollout,2025-04-07,2025-04-26 23:00:00
R0202,HX-300,SITE-A,rollout,2025-04-07,2025-04-26 23:00:00
R0203,HX-500,SITE-B,rollout,2025-04-07,2025-04-26 23:00:00
R0204,HX-300,SITE-B,rollout,2025-04-07,2025-04-26 23:00:00
R0205,HX-500,SITE-C,rollout,2025-04-07,2025-04-26 23:00:00
R0206,HX-500,SITE-A,rollout,2025-04-07,2025-04-26 23:00:00
R0207,HX-300,SITE-C,rollout,2025-04-07,2025-04-26 23:00:00
R0208,HX-300,SITE-C,rollout,2025-04-07,2025-04-26 23:00:00
R0209,MV-90,SITE-C,rollout,2025-04-07,2025-04-26 23:00:00
R0210,HX-500,SITE-A,rollout,2025-04-07,2025-04-26 23:00:00
R0211,HX-500,SITE-C,rollout,2025-04-07,2025-04-26 23:00:00
R0212,HX-500,SITE-B,rollout,2025-04-07,2025-04-26 23:00:00
R0213,HX-300,SITE-A,rollout,2025-04-07,2025-04-26 23:00:00
R0214,HX-300,SITE-C,rollout,2025-04-07,2025-04-26 23:00:00
R0215,HX-500,SITE-B,rollout,2025-04-07,2025-04-26 23:00:00
R0216,MV-90,SITE-A,rollout,2025-04-07,2025-04-26 23:00:00
R0217,HX-300,SITE-B,rollout,2025-04-07,2025-04-26 23:00:00
R0218,HX-500,SITE-A,rollout,2025-04-07,2025-04-26 23:00:00
R0219,HX-300,SITE-B,rollout,2025-04-07,2025-04-26 23:00:00
R0220,HX-300,SITE-B,rollout,2025-04-07,2025-04-26 23:00:00
R0221,HX-500,SITE-B,rollout,2025-04-07,2025-04-26 23:00:00
R0222,HX-500,SITE-B,rollout,2025-04-07,2025-04-26 23:00:00
R0223,HX-500,SITE-A,rollout,2025-04-07,2025-04-26 23:00:00
R0224,MV-90,SITE-B,rollout,2025-04-07,2025-04-26 23:00:00
R0225,HX-500,SITE-B,rollout,2025-04-07,2025-04-26 23:00:00
R0226,HX-300,SITE-A,rollout,2025-04-07,2025-04-26 23:00:00
R0227,MV-90,SITE-B,rollout,2025-04-07,2025-04-26 23:00:00
R0228,HX-300,SITE-A,rollout,2025-04-07,2025-04-26 23:00:00
R0229,HX-300,SITE-C,rollout,2025-04-07,2025-04-26 23:00:00
R0230,MV-90,SITE-A,rollout,2025-04-07,2025-04-26 23:00:00
R0231,HX-500,SITE-A,rollout,2025-04-07,2025-04-26 23:00:00
R0232,HX-500,SITE-A,rollout,2025-04-07,2025-04-26 23:00:00
R0233,HX-500,SITE-A,rollout,2025-04-07,2025-04-26 23:00:00
R0234,HX-500,SITE-B,rollout,2025-04-07,2025-04-26 23:00:00
R0235,HX-500,SITE-B,rollout,2025-04-07,2025-04-26 23:00:00
R0236,MV-90,SITE-A,rollout,2025-04-07,2025-04-26 23:00:00
R0237,HX-300,SITE-B,rollout,2025-04-07,2025-04-26 23:00:00
R0238,HX-500,SITE-A,rollout,2025-04-07,2025-04-26 23:00:00
R0239,HX-500,SITE-A,rollout,2025-04-07,2025-04-26 23:00:00
R0240,MV-90,SITE-B,rollout,2025-04-07,2025-04-26 23:00:00
R0241,HX-300,SITE-C,rollout,2025-04-07,2025-04-26 23:00:00
R0242,HX-500,SITE-A,rollout,2025-04-07,2025-04-26 23:00:00
R0243,MV-90,SITE-B,rollout,2025-04-07,2025-04-26 23:00:00
R0244,HX-300,SITE-C,rollout,2025-04-07,2025-04-26 23:00:00
R0245,HX-300,SITE-B,rollout,2025-04-07,2025-04-26 23:00:00
R0246,HX-300,SITE-B,rollout,2025-04-07,2025-04-26 23:00:00
R0247,HX-300,SITE-B,rollout,2025-04-07,2025-04-26 23:00:00
R0248,MV-90,SITE-B,rollout,2025-04-07,2025-04-26 23:00:00
R0249,HX-300,SITE-C,rollout,2025-04-07,2025-04-26 23:00:00
R0250,HX-500,SITE-B,rollout,2025-04-07,2025-04-26 23:00:00
R0251,MV-90,SITE-A,rollout,2025-04-07,2025-04-26 23:00:00
R0252,HX-300,SITE-C,rollout,2025-04-07,2025-04-26 23:00:00
R0253,HX-300,SITE-B,rollout,2025-04-07,2025-04-26 23:00:00
R0254,HX-500,SITE-A,rollout,2025-04-07,2025-04-26 23:00:00
R0255,HX-500,SITE-B,rollout,2025-04-07,2025-04-26 23:00:00
R0256,HX-500,SITE-A,rollout,2025-04-07,2025-04-26 23:00:00
R0257,HX-500,SITE-A,rollout,2025-04-07,2025-04-26 23:00:00
R0258,HX-500,SITE-A,rollout,2025-04-07,2025-04-26 23:00:00
R0259,MV-90,SITE-B,rollout,2025-04-07,2025-04-26 23:00:00
R0260,HX-300,SITE-A,rollout,2025-04-07,2025-04-26 23:00:00
R0261,HX-300,SITE-A,rollout,2025-04-07,2025-04-26 23:00:00
R0262,HX-500,SITE-A,rollout,2025-04-07,2025-04-26 23:00:00
R0263,MV-90,SITE-C,rollout,2025-04-07,2025-04-26 23:00:00
R0264,HX-300,SITE-A,rollout,2025-04-07,2025-04-26 23:00:00
R0265,MV-90,SITE-A,rollout,2025-04-07,2025-04-26 23:00:00
R0266,HX-300,SITE-B,rollout,2025-04-07,2025-04-26 23:00:00
R0267,HX-300,SITE-A,rollout,2025-04-07,2025-04-26 23:00:00
R0268,MV-90,SITE-A,rollout,2025-04-07,2025-04-26 23:00:00
R0269,HX-300,SITE-B,rollout,2025-04-07,2025-04-26 23:00:00
R0270,HX-300,SITE-C,rollout,2025-04-07,2025-04-26 23:00:00
R0271,HX-500,SITE-C,rollout,2025-04-07,2025-04-26 23:00:00
R0272,MV-90,SITE-C,rollout,2025-04-07,2025-04-26 23:00:00
R0273,HX-500,SITE-C,rollout,2025-04-07,2025-04-26 23:00:00
R0274,MV-90,SITE-C,rollout,2025-04-07,2025-04-26 23:00:00
R0275,HX-300,SITE-A,rollout,2025-04-07,2025-04-26 23:00:00
R0276,MV-90,SITE-C,rollout,2025-04-07,2025-04-26 23:00:00
R0277,HX-300,SITE-C,rollout,2025-04-07,2025-04-26 23:00:00
R0278,HX-300,SITE-B,rollout,2025-04-07,2025-04-26 23:00:00
R0279,HX-500,SITE-A,rollout,2025-04-07,2025-04-26 23:00:00
R0280,HX-500,SITE-B,rollout,2025-04-07,2025-04-26 23:00:00
R0281,HX-300,SITE-A,rollout,2025-04-07,2025-04-26 23:00:00
R0282,MV-90,SITE-A,rollout,2025-04-07,2025-04-26 23:00:00
R0283,MV-90,SITE-C,rollout,2025-04-07,2025-04-26 23:00:00
R0284,MV-90,SITE-C,rollout,2025-04-07,2025-04-26 23:00:00
R0285,MV-90,SITE-C,rollout,2025-04-07,2025-04-26 23:00:00
R0286,HX-300,SITE-A,rollout,2025-04-07,2025-04-26 23:00:00
R0287,MV-90,SITE-B,rollout,2025-04-07,2025-04-26 23:00:00
R0288,MV-90,SITE-B,rollout,2025-04-07,2025-04-26 23:00:00
R0289,MV-90,SITE-C,rollout,2025-04-07,2025-04-26 23:00:00
R0290,HX-500,SITE-B,rollout,2025-04-07,2025-04-26 23:00:00
R0291,HX-300,SITE-A,rollout,2025-04-07,2025-04-26 23:00:00
R0292,HX-500,SITE-B,rollout,2025-04-07,2025-04-26 23:00:00
R0293,HX-500,SITE-B,rollout,2025-04-07,2025-04-26 23:00:00
R0294,HX-300,SITE-B,rollout,2025-04-07,2025-04-26 23:00:00
R0295,HX-500,SITE-A,rollout,2025-04-07,2025-04-26 23:00:00
R0296,HX-500,SITE-C,rollout,2025-04-07,2025-04-26 23:00:00
R0297,HX-500,SITE-B,rollout,2025-04-07,2025-04-26 23:00:00
R0298,MV-90,SITE-A,rollout,2025-04-07,2025-04-26 23:00:00
R0299,HX-300,SITE-A,rollout,2025-04-07,2025-04-26 23:00:00
R0300,MV-90,SITE-A,rollout,2025-04-07,2025-04-26 23:00:00
R0301,HX-300,SITE-A,rollout,2025-04-07,2025-04-26 23:00:00
R0302,HX-300,SITE-A,rollout,2025-04-07,2025-04-26 23:00:00
R0303,HX-300,SITE-B,rollout,2025-04-07,2025-04-26 23:00:00
R0304,HX-300,SITE-C,rollout,2025-04-07,2025-04-26 23:00:00
R0305,MV-90,SITE-C,rollout,2025-04-07,2025-04-26 23:00:00
R0306,HX-500,SITE-C,rollout,2025-04-07,2025-04-26 23:00:00
R0307,HX-300,SITE-B,rollout,2025-04-07,2025-04-26 23:00:00
R0308,HX-300,SITE-B,rollout,2025-04-07,2025-04-26 23:00:00
R0309,MV-90,SITE-A,rollout,2025-04-07,2025-04-26 23:00:00
R0310,HX-300,SITE-A,rollout,2025-04-07,2025-04-26 23:00:00
R0311,MV-90,SITE-B,rollout,2025-04-07,2025-04-26 23:00:00
R0312,HX-300,SITE-A,rollout,2025-04-07,2025-04-26 23:00:00
R0313,HX-300,SITE-B,rollout,2025-04-07,2025-04-26 23:00:00
R0314,HX-500,SITE-C,rollout,2025-04-07,2025-04-26 23:00:00
R0315,HX-500,SITE-A,rollout,2025-04-07,2025-04-26 23:00:00
R0316,HX-500,SITE-A,rollout,2025-04-07,2025-04-26 23:00:00
R0317,HX-500,SITE-A,rollout,2025-04-07,2025-04-26 23:00:00
R0318,HX-500,SITE-C,rollout,2025-04-07,2025-04-26 23:00:00
R0319,HX-500,SITE-C,rollout,2025-04-07,2025-04-26 23:00:00
R0320,HX-500,SITE-B,rollout,2025-04-07,2025-04-26 23:00:00
R0321,HX-300,SITE-A,rollout,2025-04-07,2025-04-26 23:00:00
R0322,HX-500,SITE-C,rollout,2025-04-07,2025-04-26 23:00:00
R0323,HX-500,SITE-A,rollout,2025-04-07,2025-04-26 23:00:00
R0324,MV-90,SITE-C,rollout,2025-04-07,2025-04-26 23:00:00
R0325,HX-300,SITE-B,rollout,2025-04-07,2025-04-26 23:00:00
R0326,HX-500,SITE-A,rollout,2025-04-07,2025-04-26 23:00:00
R0327,HX-500,SITE-A,rollout,2025-04-07,2025-04-26 23:00:00
R0328,HX-500,SITE-A,rollout,2025-04-07,2025-04-26 23:00:00
R0329,HX-300,SITE-C,rollout,2025-04-07,2025-04-26 23:00:00
R0330,HX-300,SITE-A,rollout,2025-04-07,2025-04-26 23:00:00
R0331,HX-500,SITE-A,rollout,2025-04-07,2025-04-26 23:00:00
R0332,HX-300,SITE-B,rollout,2025-04-07,2025-04-26 23:00:00
R0333,HX-500,SITE-A,rollout,2025-04-07,2025-04-26 23:00:00
R0334,MV-90,SITE-A,rollout,2025-04-07,2025-04-26 23:00:00
R0335,HX-500,SITE-A,rollout,2025-04-07,2025-04-26 23:00:00
R0336,HX-300,SITE-B,rollout,2025-04-07,2025-04-26 23:00:00
R0337,HX-500,SITE-A,rollout,2025-04-07,2025-04-26 23:00:00
R0338,HX-500,SITE-B,rollout,2025-04-07,2025-04-26 23:00:00
R0339,HX-300,SITE-B,rollout,2025-04-07,2025-04-26 23:00:00
R0340,MV-90,SITE-A,rollout,2025-04-07,2025-04-26 23:00:00
R0341,HX-500,SITE-A,rollout,2025-04-07,2025-04-26 23:00:00
R0342,HX-300,SITE-C,rollout,2025-04-07,2025-04-26 23:00:00
R0343,HX-300,SITE-C,rollout,2025-04-07,2025-04-26 23:00:00
R0344,HX-500,SITE-C,rollout,2025-04-07,2025-04-26 23:00:00
R0345,HX-500,SITE-C,rollout,2025-04-07,2025-04-26 23:00:00
R0346,HX-300,SITE-C,rollout,2025-04-07,2025-04-26 23:00:00
R0347,HX-500,SITE-A,rollout,2025-04-07,2025-04-26 23:00:00
R0348,HX-300,SITE-B,rollout,2025-04-07,2025-04-26 23:00:00
R0349,HX-300,SITE-B,rollout,2025-04-07,2025-04-26 23:00:00
R0350,HX-300,SITE-A,rollout,2025-04-07,2025-04-26 23:00:00
R0351,HX-300,SITE-B,rollout,2025-04-07,2025-04-26 23:00:00
R0352,HX-500,SITE-A,rollout,2025-04-07,2025-04-26 23:00:00
R0353,MV-90,SITE-A,rollout,2025-04-07,2025-04-26 23:00:00
R0354,HX-300,SITE-A,rollout,2025-04-07,2025-04-26 23:00:00
R0355,HX-500,SITE-A,rollout,2025-04-07,2025-04-26 23:00:00
R0356,HX-500,SITE-A,rollout,2025-04-07,2025-04-26 23:00:00
R0357,HX-300,SITE-A,rollout,2025-04-07,2025-04-26 23:00:00
R0358,MV-90,SITE-A,rollout,2025-04-07,2025-04-26 23:00:00
R0359,HX-300,SITE-C,rollout,2025-04-07,2025-04-26 23:00:00
R0360,HX-500,SITE-A,rollout,2025-04-07,2025-04-26 23:00:00
R0361,HX-500,SITE-A,rollout,2025-04-07,2025-04-26 23:00:00
R0362,HX-300,SITE-C,rollout,2025-04-07,2025-04-26 23:00:00
R0363,HX-500,SITE-B,rollout,2025-04-07,2025-04-26 23:00:00
R0364,MV-90,SITE-B,rollout,2025-04-07,2025-04-26 23:00:00
R0365,MV-90,SITE-B,rollout,2025-04-07,2025-04-26 23:00:00
R0366,HX-300,SITE-A,rollout,2025-04-07,2025-04-26 23:00:00
R0367,HX-300,SITE-A,rollout,2025-04-07,2025-04-26 23:00:00
R0368,HX-500,SITE-A,rollout,2025-04-07,2025-04-26 23:00:00
R0369,MV-90,SITE-A,rollout,2025-04-07,2025-04-26 23:00:00
R0370,HX-300,SITE-B,rollout,2025-04-07,2025-04-26 23:00:00
R0371,HX-500,SITE-A,rollout,2025-04-07,2025-04-26 23:00:00
R0372,HX-300,SITE-B,rollout,2025-04-07,2025-04-26 23:00:00
R0373,HX-500,SITE-C,rollout,2025-04-07,2025-04-26 23:00:00
R0374,HX-300,SITE-A,rollout,2025-04-07,2025-04-26 23:00:00
R0375,HX-500,SITE-B,rollout,2025-04-07,2025-04-26 23:00:00
R0376,HX-500,SITE-A,rollout,2025-04-07,2025-04-26 23:00:00
R0377,HX-500,SITE-B,rollout,2025-04-07,2025-04-26 23:00:00
R0378,HX-500,SITE-C,rollout,2025-04-07,2025-04-26 23:00:00
R0379,HX-500,SITE-B,rollout,2025-04-07,2025-04-26 23:00:00
R0380,HX-500,SITE-B,rollout,2025-04-07,2025-04-26 23:00:00
R0381,HX-500,SITE-B,rollout,2025-04-07,2025-04-26 23:00:00
R0382,HX-500,SITE-A,rollout,2025-04-07,2025-04-26 23:00:00
R0383,MV-90,SITE-C,rollout,2025-04-07,2025-04-26 23:00:00
R0384,HX-500,SITE-C,rollout,2025-04-07,2025-04-26 23:00:00
R0385,HX-300,SITE-B,rollout,2025-04-07,2025-04-26 23:00:00
R0386,HX-500,SITE-A,rollout,2025-04-07,2025-04-26 23:00:00
R0387,HX-300,SITE-A,rollout,2025-04-07,2025-04-26 23:00:00
R0388,MV-90,SITE-A,rollout,2025-04-07,2025-04-26 23:00:00
R0389,HX-500,SITE-B,rollout,2025-04-07,2025-04-26 23:00:00
R0390,HX-500,SITE-C,rollout,2025-04-07,2025-04-26 23:00:00
R0391,MV-90,SITE-C,rollout,2025-04-07,2025-04-26 23:00:00
R0392,HX-300,SITE-A,rollout,2025-04-07,2025-04-26 23:00:00
R0393,HX-500,SITE-B,rollout,2025-04-07,2025-04-26 23:00:00
R0394,HX-300,SITE-A,rollout,2025-04-07,2025-04-26 23:00:00
R0395,HX-300,SITE-B,rollout,2025-04-07,2025-04-26 23:00:00
R0396,HX-300,SITE-B,rollout,2025-04-07,2025-04-26 23:00:00
R0397,HX-500,SITE-A,rollout,2025-04-07,2025-04-26 23:00:00
R0398,HX-500,SITE-A,rollout,2025-04-07,2025-04-26 23:00:00
R0399,HX-300,SITE-A,rollout,2025-04-07,2025-04-26 23:00:00
R0400,HX-500,SITE-B,rollout,2025-04-07,2025-04-26 23:00:00
R0401,HX-300,SITE-B,rollout,2025-04-07,2025-04-26 23:00:00
R0402,HX-300,SITE-B,rollout,2025-04-07,2025-04-26 23:00:00
R0403,MV-90,SITE-B,rollout,2025-04-07,2025-04-26 23:00:00
R0404,HX-300,SITE-A,rollout,2025-04-07,2025-04-26 23:00:00
R0405,HX-300,SITE-A,rollout,2025-04-07,2025-04-26 23:00:00
R0406,HX-500,SITE-B,rollout,2025-04-07,2025-04-26 23:00:00
R0407,HX-300,SITE-B,rollout,2025-04-07,2025-04-26 23:00:00
R0408,HX-500,SITE-B,rollout,2025-04-07,2025-04-26 23:00:00
R0409,HX-500,SITE-C,rollout,2025-04-07,2025-04-26 23:00:00
R0410,HX-500,SITE-A,rollout,2025-04-07,2025-04-26 23:00:00
R0411,HX-500,SITE-A,rollout,2025-04-07,2025-04-26 23:00:00
R0412,HX-500,SITE-A,rollout,2025-04-07,2025-04-26 23:00:00
R0413,HX-300,SITE-A,rollout,2025-04-07,2025-04-26 23:00:00
R0414,HX-300,SITE-A,rollout,2025-04-07,2025-04-26 23:00:00
R0415,MV-90,SITE-A,rollout,2025-04-07,2025-04-26 23:00:00
R0416,MV-90,SITE-A,rollout,2025-04-07,2025-04-26 23:00:00
R0417,MV-90,SITE-A,rollout,2025-04-07,2025-04-26 23:00:00
R0418,MV-90,SITE-B,rollout,2025-04-07,2025-04-26 23:00:00
R0419,HX-300,SITE-C,rollout,2025-04-07,2025-04-26 23:00:00
R0420,HX-300,SITE-A,rollout,2025-04-07,2025-04-26 23:00:00
R0421,HX-300,SITE-A,rollout,2025-04-07,2025-04-26 23:00:00
R0422,HX-300,SITE-B,rollout,2025-04-07,2025-04-26 23:00:00
R0423,HX-300,SITE-A,rollout,2025-04-07,2025-04-26 23:00:00
R0424,HX-300,SITE-C,rollout,2025-04-07,2025-04-26 23:00:00
R0425,HX-300,SITE-A,rollout,2025-04-07,2025-04-26 23:00:00
R0426,MV-90,SITE-C,rollout,2025-04-07,2025-04-26 23:00:00
R0427,HX-300,SITE-B,rollout,2025-04-07,2025-04-26 23:00:00
R0428,HX-500,SITE-B,rollout,2025-04-07,2025-04-26 23:00:00
R0429,HX-500,SITE-B,rollout,2025-04-07,2025-04-26 23:00:00
R0430,HX-500,SITE-A,rollout,2025-04-07,2025-04-26 23:00:00
R0431,HX-500,SITE-B,rollout,2025-04-07,2025-04-26 23:00:00
R0432,MV-90,SITE-B,rollout,2025-04-07,2025-04-26 23:00:00
R0433,HX-300,SITE-A,rollout,2025-04-07,2025-04-26 23:00:00
R0434,MV-90,SITE-A,rollout,2025-04-07,2025-04-26 23:00:00
R0435,HX-300,SITE-C,rollout,2025-04-07,2025-04-26 23:00:00
R0436,HX-300,SITE-A,rollout,2025-04-07,2025-04-26 23:00:00
R0437,HX-300,SITE-A,rollout,2025-04-07,2025-04-26 23:00:00
R0438,HX-500,SITE-A,rollout,2025-04-07,2025-04-26 23:00:00
R0439,MV-90,SITE-B,rollout,2025-04-07,2025-04-26 23:00:00
R0440,MV-90,SITE-C,rollout,2025-04-07,2025-04-26 23:00:00
R0441,HX-500,SITE-A,rollout,2025-04-07,2025-04-26 23:00:00
R0442,MV-90,SITE-C,rollout,2025-04-07,2025-04-26 23:00:00
R0443,HX-500,SITE-A,rollout,2025-04-07,2025-04-26 23:00:00
R0444,HX-300,SITE-B,rollout,2025-04-07,2025-04-26 23:00:00
R0445,MV-90,SITE-A,rollout,2025-04-07,2025-04-26 23:00:00
R0446,MV-90,SITE-A,rollout,2025-04-07,2025-04-26 23:00:00
R0447,MV-90,SITE-A,rollout,2025-04-07,2025-04-26 23:00:00
R0448,HX-500,SITE-C,rollout,2025-04-07,2025-04-26 23:00:00
R0449,HX-300,SITE-A,rollout,2025-04-07,2025-04-26 23:00:00
R0450,HX-500,SITE-B,rollout,2025-04-07,2025-04-26 23:00:00
R0451,HX-300,SITE-B,rollout,2025-04-07,2025-04-26 23:00:00
R0452,HX-300,SITE-C,rollout,2025-04-07,2025-04-26 23:00:00
R0453,HX-300,SITE-A,rollout,2025-04-07,2025-04-26 23:00:00
R0454,HX-500,SITE-A,rollout,2025-04-07,2025-04-26 23:00:00
R0455,HX-500,SITE-B,rollout,2025-04-07,2025-04-26 23:00:00
R0456,MV-90,SITE-A,rollout,2025-04-07,2025-04-26 23:00:00
R0457,HX-300,SITE-A,rollout,2025-04-07,2025-04-26 23:00:00
R0458,HX-300,SITE-B,rollout,2025-04-07,2025-04-26 23:00:00
R0459,HX-500,SITE-B,rollout,2025-04-07,2025-04-26 23:00:00
R0460,MV-90,SITE-A,rollout,2025-04-07,2025-04-26 23:00:00
R0461,HX-300,SITE-C,rollout,2025-04-07,2025-04-26 23:00:00
R0462,HX-300,SITE-A,rollout,2025-04-07,2025-04-26 23:00:00
R0463,HX-300,SITE-A,rollout,2025-04-07,2025-04-26 23:00:00
R0464,HX-500,SITE-C,rollout,2025-04-07,2025-04-26 23:00:00
R0465,HX-300,SITE-B,rollout,2025-04-07,2025-04-26 23:00:00
R0466,MV-90,SITE-B,rollout,2025-04-07,2025-04-26 23:00:00
R0467,HX-500,SITE-B,rollout,2025-04-07,2025-04-26 23:00:00
R0468,HX-500,SITE-A,rollout,2025-04-07,2025-04-26 23:00:00
R0469,HX-500,SITE-B,rollout,2025-04-07,2025-04-26 23:00:00
R0470,HX-300,SITE-C,rollout,2025-04-07,2025-04-26 23:00:00
R0471,HX-500,SITE-B,rollout,2025-04-07,2025-04-26 23:00:00
R0472,HX-300,SITE-A,rollout,2025-04-07,2025-04-26 23:00:00
R0473,MV-90,SITE-A,rollout,2025-04-07,2025-04-26 23:00:00
R0474,HX-500,SITE-B,rollout,2025-04-07,2025-04-26 23:00:00
R0475,HX-500,SITE-B,rollout,2025-04-07,2025-04-26 23:00:00
R0476,MV-90,SITE-B,rollout,2025-04-07,2025-04-26 23:00:00
R0477,MV-90,SITE-B,rollout,2025-04-07,2025-04-26 23:00:00
R0478,HX-300,SITE-A,rollout,2025-04-07,2025-04-26 23:00:00
R0479,HX-500,SITE-B,rollout,2025-04-07,2025-04-26 23:00:00
R0480,HX-500,SITE-A,rollout,2025-04-07,2025-04-26 23:00:00
R0481,HX-300,SITE-A,rollout,2025-04-07,2025-04-26 23:00:00
R0482,HX-300,SITE-C,rollout,2025-04-07,2025-04-26 23:00:00
R0483,HX-300,SITE-C,rollout,2025-04-07,2025-04-26 23:00:00
R0484,HX-500,SITE-B,rollout,2025-04-07,2025-04-26 23:00:00
R0485,HX-300,SITE-B,rollout,2025-04-07,2025-04-26 23:00:00
R0486,HX-300,SITE-B,rollout,2025-04-07,2025-04-26 23:00:00
R0487,HX-300,SITE-C,rollout,2025-04-07,2025-04-26 23:00:00
R0488,MV-90,SITE-A,rollout,2025-04-07,2025-04-26 23:00:00
R0489,HX-500,SITE-C,rollout,2025-04-07,2025-04-26 23:00:00
R0490,HX-500,SITE-A,rollout,2025-04-07,2025-04-26 23:00:00
R0491,HX-500,SITE-A,rollout,2025-04-07,2025-04-26 23:00:00
R0492,HX-500,SITE-B,rollout,2025-04-07,2025-04-26 23:00:00
R0493,HX-300,SITE-C,rollout,2025-04-07,2025-04-26 23:00:00
R0494,HX-300,SITE-B,rollout,2025-04-07,2025-04-26 23:00:00
R0495,MV-90,SITE-A,rollout,2025-04-07,2025-04-26 23:00:00
R0496,HX-500,SITE-A,rollout,2025-04-07,2025-04-26 23:00:00
R0497,HX-300,SITE-C,rollout,2025-04-07,2025-04-26 23:00:00
R0498,HX-500,SITE-C,rollout,2025-04-07,2025-04-26 23:00:00
R0499,HX-500,SITE-A,rollout,2025-04-07,2025-04-26 23:00:00
R0500,HX-500,SITE-B,rollout,2025-04-07,2025-04-26 23:00:00
R0501,HX-300,SITE-B,rollout,2025-04-07,2025-04-26 23:00:00
R0502,HX-300,SITE-C,rollout,2025-04-07,2025-04-26 23:00:00
R0503,HX-300,SITE-B,rollout,2025-04-07,2025-04-26 23:00:00
R0504,HX-300,SITE-B,rollout,2025-04-07,2025-04-26 23:00:00
R0505,HX-300,SITE-A,rollout,2025-04-07,2025-04-26 23:00:00
R0506,HX-300,SITE-B,rollout,2025-04-07,2025-04-26 23:00:00
R0507,HX-300,SITE-B,rollout,2025-04-07,2025-04-26 23:00:00
R0508,MV-90,SITE-A,rollout,2025-04-07,2025-04-26 23:00:00
R0509,MV-90,SITE-B,rollout,2025-04-07,2025-04-26 23:00:00
R0510,HX-500,SITE-C,rollout,2025-04-07,2025-04-26 23:00:00
R0511,MV-90,SITE-B,rollout,2025-04-07,2025-04-26 23:00:00
R0512,MV-90,SITE-C,rollout,2025-04-07,2025-04-26 23:00:00
R0513,HX-300,SITE-B,rollout,2025-04-07,2025-04-26 23:00:00
R0514,MV-90,SITE-B,rollout,2025-04-07,2025-04-26 23:00:00
R0515,HX-500,SITE-B,rollout,2025-04-07,2025-04-26 23:00:00
R0516,HX-500,SITE-C,rollout,2025-04-07,2025-04-26 23:00:00
R0517,MV-90,SITE-B,rollout,2025-04-07,2025-04-26 23:00:00
R0518,HX-300,SITE-B,rollout,2025-04-07,2025-04-26 23:00:00
R0519,HX-500,SITE-A,rollout,2025-04-07,2025-04-26 23:00:00
R0520,HX-500,SITE-C,rollout,2025-04-07,2025-04-26 23:00:00
R0521,MV-90,SITE-A,rollout,2025-04-07,2025-04-26 23:00:00
R0522,HX-300,SITE-C,rollout,2025-04-07,2025-04-26 23:00:00
R0523,HX-500,SITE-A,rollout,2025-04-07,2025-04-26 23:00:00
R0524,HX-500,SITE-B,rollout,2025-04-07,2025-04-26 23:00:00
R0525,HX-500,SITE-A,rollout,2025-04-07,2025-04-26 23:00:00
R0526,MV-90,SITE-A,rollout,2025-04-07,2025-04-26 23:00:00
R0527,HX-300,SITE-C,rollout,2025-04-07,2025-04-26 23:00:00
R0528,MV-90,SITE-C,rollout,2025-04-07,2025-04-26 23:00:00
R0529,HX-300,SITE-C,rollout,2025-04-07,2025-04-26 23:00:00
R0530,HX-300,SITE-C,rollout,2025-04-07,2025-04-26 23:00:00
R0531,MV-90,SITE-C,rollout,2025-04-07,2025-04-26 23:00:00
R0532,HX-300,SITE-A,rollout,2025-04-07,2025-04-26 23:00:00
R0533,HX-300,SITE-C,rollout,2025-04-07,2025-04-26 23:00:00
R0534,HX-500,SITE-B,rollout,2025-04-07,2025-04-26 23:00:00
R0535,MV-90,SITE-A,rollout,2025-04-07,2025-04-26 23:00:00
R0536,HX-300,SITE-B,rollout,2025-04-07,2025-04-26 23:00:00
R0537,HX-300,SITE-A,rollout,2025-04-07,2025-04-26 23:00:00
R0538,HX-300,SITE-C,rollout,2025-04-07,2025-04-26 23:00:00
R0539,HX-300,SITE-A,rollout,2025-04-07,2025-04-26 23:00:00
R0540,MV-90,SITE-A,rollout,2025-04-07,2025-04-26 23:00:00
R0541,HX-500,SITE-A,rollout,2025-04-07,2025-04-26 23:00:00
R0542,HX-500,SITE-B,rollout,2025-04-07,2025-04-26 23:00:00
R0543,HX-500,SITE-A,rollout,2025-04-07,2025-04-26 23:00:00
R0544,HX-300,SITE-A,rollout,2025-04-07,2025-04-26 23:00:00
R0545,MV-90,SITE-A,rollout,2025-04-07,2025-04-26 23:00:00
R0546,HX-500,SITE-B,rollout,2025-04-07,2025-04-26 23:00:00
R0547,MV-90,SITE-B,rollout,2025-04-07,2025-04-26 23:00:00
R0548,HX-500,SITE-B,rollout,2025-04-07,2025-04-26 23:00:00
R0549,MV-90,SITE-A,rollout,2025-04-07,2025-04-26 23:00:00
R0550,HX-500,SITE-B,rollout,2025-04-07,2025-04-26 23:00:00
R0551,HX-300,SITE-B,rollout,2025-04-07,2025-04-26 23:00:00
R0552,HX-500,SITE-A,rollout,2025-04-07,2025-04-26 23:00:00
R0553,HX-300,SITE-A,rollout,2025-04-07,2025-04-26 23:00:00
R0554,HX-300,SITE-C,rollout,2025-04-07,2025-04-26 23:00:00
R0555,HX-300,SITE-C,rollout,2025-04-07,2025-04-26 23:00:00
R0556,HX-500,SITE-A,rollout,2025-04-07,2025-04-26 23:00:00
R0557,HX-300,SITE-A,rollout,2025-04-07,2025-04-26 23:00:00
R0558,HX-300,SITE-A,rollout,2025-04-07,2025-04-26 23:00:00
R0559,HX-300,SITE-C,rollout,2025-04-07,2025-04-26 23:00:00
R0560,HX-300,SITE-A,rollout,2025-04-07,2025-04-26 23:00:00
R0561,MV-90,SITE-A,rollout,2025-04-07,2025-04-26 23:00:00
R0562,HX-300,SITE-C,rollout,2025-04-07,2025-04-26 23:00:00
R0563,HX-500,SITE-C,rollout,2025-04-07,2025-04-26 23:00:00
R0564,HX-300,SITE-B,rollout,2025-04-07,2025-04-26 23:00:00
R0565,MV-90,SITE-B,rollout,2025-04-07,2025-04-26 23:00:00
R0566,HX-500,SITE-B,rollout,2025-04-07,2025-04-26 23:00:00
R0567,MV-90,SITE-A,rollout,2025-04-07,2025-04-26 23:00:00
R0568,HX-500,SITE-B,rollout,2025-04-07,2025-04-26 23:00:00
R0569,HX-300,SITE-A,rollout,2025-04-07,2025-04-26 23:00:00
R0570,HX-300,SITE-B,rollout,2025-04-07,2025-04-26 23:00:00
R0571,HX-300,SITE-B,rollout,2025-04-07,2025-04-26 23:00:00
R0572,MV-90,SITE-C,rollout,2025-04-07,2025-04-26 23:00:00
R0573,HX-500,SITE-A,rollout,2025-04-07,2025-04-26 23:00:00
R0574,HX-500,SITE-B,rollout,2025-04-07,2025-04-26 23:00:00
R0575,MV-90,SITE-A,rollout,2025-04-07,2025-04-26 23:00:00
R0576,HX-500,SITE-B,rollout,2025-04-07,2025-04-26 23:00:00
R0577,HX-300,SITE-A,rollout,2025-04-07,2025-04-26 23:00:00
R0578,HX-500,SITE-A,rollout,2025-04-07,2025-04-26 23:00:00
R0579,MV-90,SITE-C,rollout,2025-04-07,2025-04-26 23:00:00
R0580,HX-300,SITE-A,rollout,2025-04-07,2025-04-26 23:00:00
R0581,HX-300,SITE-C,rollout,2025-04-07,2025-04-26 23:00:00
R0582,HX-300,SITE-B,rollout,2025-04-07,2025-04-26 23:00:00
R0583,HX-300,SITE-A,rollout,2025-04-07,2025-04-26 23:00:00
R0584,HX-300,SITE-B,rollout,2025-04-07,2025-04-26 23:00:00
R0585,HX-300,SITE-C,rollout,2025-04-07,2025-04-26 23:00:00
R0586,MV-90,SITE-C,rollout,2025-04-07,2025-04-26 23:00:00
R0587,HX-300,SITE-B,rollout,2025-04-07,2025-04-26 23:00:00
R0588,MV-90,SITE-B,rollout,2025-04-07,2025-04-26 23:00:00
R0589,HX-500,SITE-A,rollout,2025-04-07,2025-04-26 23:00:00
R0590,HX-300,SITE-B,rollout,2025-04-07,2025-04-26 23:00:00
R0591,HX-300,SITE-B,rollout,2025-04-07,2025-04-26 23:00:00
R0592,HX-500,SITE-A,rollout,2025-04-07,2025-04-26 23:00:00
R0593,HX-500,SITE-A,rollout,2025-04-07,2025-04-26 23:00:00
R0594,HX-500,SITE-B,rollout,2025-04-07,2025-04-26 23:00:00
R0595,HX-300,SITE-A,rollout,2025-04-07,2025-04-26 23:00:00
R0596,HX-300,SITE-A,rollout,2025-04-07,2025-04-26 23:00:00
R0597,MV-90,SITE-B,rollout,2025-04-07,2025-04-26 23:00:00
R0598,HX-300,SITE-B,rollout,2025-04-07,2025-04-26 23:00:00
R0599,MV-90,SITE-B,rollout,2025-04-07,2025-04-26 23:00:00
R0600,HX-300,SITE-B,rollout,2025-04-07,2025-04-26 23:00:00
R0601,HX-500,SITE-C,rollout,2025-04-07,2025-04-26 23:00:00
R0602,HX-300,SITE-A,rollout,2025-04-07,2025-04-26 23:00:00
R0603,HX-500,SITE-B,rollout,2025-04-07,2025-04-26 23:00:00
R0604,HX-300,SITE-B,rollout,2025-04-07,2025-04-26 23:00:00
R0605,HX-300,SITE-C,rollout,2025-04-07,2025-04-26 23:00:00
R0606,HX-300,SITE-A,rollout,2025-04-07,2025-04-26 23:00:00
R0607,HX-500,SITE-B,rollout,2025-04-07,2025-04-26 23:00:00
R0608,HX-500,SITE-B,rollout,2025-04-07,2025-04-26 23:00:00
R0609,HX-300,SITE-C,rollout,2025-04-07,2025-04-26 23:00:00
R0610,HX-500,SITE-C,rollout,2025-04-07,2025-04-26 23:00:00
R0611,HX-500,SITE-B,rollout,2025-04-07,2025-04-26 23:00:00
R0612,HX-500,SITE-A,rollout,2025-04-07,2025-04-26 23:00:00
R0613,HX-300,SITE-B,rollout,2025-04-07,2025-04-26 23:00:00
R0614,HX-500,SITE-C,rollout,2025-04-07,2025-04-26 23:00:00
R0615,MV-90,SITE-A,rollout,2025-04-07,2025-04-26 23:00:00
R0616,MV-90,SITE-A,rollout,2025-04-07,2025-04-26 23:00:00
R0617,HX-300,SITE-A,rollout,2025-04-07,2025-04-26 23:00:00
R0618,HX-500,SITE-C,rollout,2025-04-07,2025-04-26 23:00:00
R0619,MV-90,SITE-B,rollout,2025-04-07,2025-04-26 23:00:00
R0620,MV-90,SITE-C,rollout,2025-04-07,2025-04-26 23:00:00
R0621,HX-300,SITE-B,rollout,2025-04-07,2025-04-26 23:00:00
R0622,MV-90,SITE-A,rollout,2025-04-07,2025-04-26 23:00:00
R0623,HX-500,SITE-A,rollout,2025-04-07,2025-04-26 23:00:00
R0624,HX-500,SITE-A,rollout,2025-04-07,2025-04-26 23:00:00
R0625,HX-500,SITE-A,rollout,2025-04-07,2025-04-26 23:00:00
R0626,MV-90,SITE-B,rollout,2025-04-07,2025-04-26 23:00:00
R0627,HX-500,SITE-A,rollout,2025-04-07,2025-04-26 23:00:00
R0628,HX-300,SITE-A,rollout,2025-04-07,2025-04-26 23:00:00
R0629,HX-500,SITE-B,rollout,2025-04-07,2025-04-26 23:00:00
R0630,HX-500,SITE-B,rollout,2025-04-07,2025-04-26 23:00:00
R0631,MV-90,SITE-C,rollout,2025-04-07,2025-04-26 23:00:00
R0632,HX-300,SITE-B,rollout,2025-04-07,2025-04-26 23:00:00
R0633,HX-500,SITE-A,rollout,2025-04-07,2025-04-26 23:00:00
R0634,MV-90,SITE-B,rollout,2025-04-07,2025-04-26 23:00:00
R0635,HX-500,SITE-B,rollout,2025-04-07,2025-04-26 23:00:00
R0636,MV-90,SITE-B,rollout,2025-04-07,2025-04-26 23:00:00
R0637,MV-90,SITE-A,rollout,2025-04-07,2025-04-26 23:00:00
R0638,HX-300,SITE-A,rollout,2025-04-07,2025-04-26 23:00:00
R0639,HX-300,SITE-A,rollout,2025-04-07,2025-04-26 23:00:00
R0640,HX-300,SITE-A,rollout,2025-04-07,2025-04-26 23:00:00
R0641,MV-90,SITE-C,rollout,2025-04-07,2025-04-26 23:00:00
R0642,HX-300,SITE-A,rollout,2025-04-07,2025-04-26 23:00:00
R0643,MV-90,SITE-B,rollout,2025-04-07,2025-04-26 23:00:00
R0644,MV-90,SITE-A,rollout,2025-04-07,2025-04-26 23:00:00
R0645,HX-500,SITE-A,rollout,2025-04-07,2025-04-26 23:00:00
R0646,HX-300,SITE-A,rollout,2025-04-07,2025-04-26 23:00:00
R0647,HX-500,SITE-B,rollout,2025-04-07,2025-04-26 23:00:00
R0648,HX-300,SITE-B,rollout,2025-04-07,2025-04-26 23:00:00
R0649,MV-90,SITE-B,rollout,2025-04-07,2025-04-26 23:00:00
R0650,HX-300,SITE-B,rollout,2025-04-07,2025-04-26 23:00:00
R0651,HX-300,SITE-A,rollout,2025-04-07,2025-04-26 23:00:00
R0652,HX-300,SITE-A,rollout,2025-04-07,2025-04-26 23:00:00
R0653,HX-500,SITE-A,rollout,2025-04-07,2025-04-26 23:00:00
R0654,HX-300,SITE-B,rollout,2025-04-07,2025-04-26 23:00:00
R0655,HX-500,SITE-B,rollout,2025-04-07,2025-04-26 23:00:00
R0656,MV-90,SITE-B,rollout,2025-04-07,2025-04-26 23:00:00
R0657,HX-300,SITE-B,rollout,2025-04-07,2025-04-26 23:00:00
R0658,HX-500,SITE-B,rollout,2025-04-07,2025-04-26 23:00:00
R0659,MV-90,SITE-A,rollout,2025-04-07,2025-04-26 23:00:00
R0660,HX-500,SITE-B,rollout,2025-04-07,2025-04-26 23:00:00
R0661,HX-300,SITE-A,rollout,2025-04-07,2025-04-26 23:00:00
R0662,HX-500,SITE-B,rollout,2025-04-07,2025-04-26 23:00:00
R0663,HX-300,SITE-C,rollout,2025-04-07,2025-04-26 23:00:00
R0664,HX-500,SITE-B,rollout,2025-04-07,2025-04-26 23:00:00
R0665,HX-500,SITE-B,rollout,2025-04-07,2025-04-26 23:00:00
R0666,HX-500,SITE-A,rollout,2025-04-07,2025-04-26 23:00:00
R0667,HX-300,SITE-B,rollout,2025-04-07,2025-04-26 23:00:00
R0668,MV-90,SITE-A,rollout,2025-04-07,2025-04-26 23:00:00
R0669,MV-90,SITE-A,rollout,2025-04-07,2025-04-26 23:00:00
R0670,HX-500,SITE-A,rollout,2025-04-07,2025-04-26 23:00:00
R0671,HX-500,SITE-C,rollout,2025-04-07,2025-04-26 23:00:00
R0672,MV-90,SITE-A,rollout,2025-04-07,2025-04-26 23:00:00
R0673,HX-500,SITE-A,rollout,2025-04-07,2025-04-26 23:00:00
R0674,MV-90,SITE-A,rollout,2025-04-07,2025-04-26 23:00:00
R0675,MV-90,SITE-A,rollout,2025-04-07,2025-04-26 23:00:00
R0676,HX-500,SITE-B,rollout,2025-04-07,2025-04-26 23:00:00
R0677,HX-500,SITE-A,rollout,2025-04-07,2025-04-26 23:00:00
R0678,HX-300,SITE-B,rollout,2025-04-07,2025-04-26 23:00:00
R0679,HX-300,SITE-B,rollout,2025-04-07,2025-04-26 23:00:00
R0680,HX-300,SITE-A,rollout,2025-04-07,2025-04-26 23:00:00
R0681,MV-90,SITE-A,rollout,2025-04-07,2025-04-26 23:00:00
R0682,HX-500,SITE-B,rollout,2025-04-07,2025-04-26 23:00:00
R0683,MV-90,SITE-B,rollout,2025-04-07,2025-04-26 23:00:00
R0684,HX-500,SITE-A,rollout,2025-04-07,2025-04-26 23:00:00
R0685,MV-90,SITE-A,rollout,2025-04-07,2025-04-26 23:00:00
R0686,HX-500,SITE-C,rollout,2025-04-07,2025-04-26 23:00:00
R0687,HX-300,SITE-B,rollout,2025-04-07,2025-04-26 23:00:00
R0688,HX-300,SITE-B,rollout,2025-04-07,2025-04-26 23:00:00
R0689,MV-90,SITE-A,rollout,2025-04-07,2025-04-26 23:00:00
R0690,MV-90,SITE-B,rollout,2025-04-07,2025-04-26 23:00:00
R0691,HX-300,SITE-B,rollout,2025-04-07,2025-04-26 23:00:00
R0692,HX-300,SITE-C,rollout,2025-04-07,2025-04-26 23:00:00
R0693,HX-500,SITE-A,rollout,2025-04-07,2025-04-26 23:00:00
R0694,HX-300,SITE-A,rollout,2025-04-07,2025-04-26 23:00:00
R0695,HX-300,SITE-A,rollout,2025-04-07,2025-04-26 23:00:00
R0696,HX-500,SITE-B,rollout,2025-04-07,2025-04-26 23:00:00
R0697,HX-500,SITE-B,rollout,2025-04-07,2025-04-26 23:00:00
R0698,HX-500,SITE-B,rollout,2025-04-07,2025-04-26 23:00:00
R0699,HX-300,SITE-B,rollout,2025-04-07,2025-04-26 23:00:00
R0700,HX-300,SITE-B,rollout,2025-04-07,2025-04-26 23:00:00
R0701,HX-500,SITE-A,rollout,2025-04-07,2025-04-26 23:00:00
R0702,HX-300,SITE-C,rollout,2025-04-07,2025-04-26 23:00:00
R0703,HX-500,SITE-B,rollout,2025-04-07,2025-04-26 23:00:00
R0704,HX-500,SITE-A,rollout,2025-04-07,2025-04-26 23:00:00
R0705,MV-90,SITE-A,rollout,2025-04-07,2025-04-26 23:00:00
R0706,HX-300,SITE-B,rollout,2025-04-07,2025-04-26 23:00:00
R0707,HX-500,SITE-C,rollout,2025-04-07,2025-04-26 23:00:00
R0708,HX-300,SITE-B,rollout,2025-04-07,2025-04-26 23:00:00
R0709,HX-300,SITE-B,rollout,2025-04-07,2025-04-26 23:00:00
R0710,MV-90,SITE-C,rollout,2025-04-07,2025-04-26 23:00:00
R0711,MV-90,SITE-B,rollout,2025-04-07,2025-04-26 23:00:00
R0712,HX-500,SITE-A,rollout,2025-04-07,2025-04-26 23:00:00
R0713,MV-90,SITE-B,rollout,2025-04-07,2025-04-26 23:00:00
R0714,HX-300,SITE-A,rollout,2025-04-07,2025-04-26 23:00:00
R0715,MV-90,SITE-B,rollout,2025-04-07,2025-04-26 23:00:00
R0716,HX-500,SITE-A,rollout,2025-04-07,2025-04-26 23:00:00
R0717,MV-90,SITE-A,rollout,2025-04-07,2025-04-26 23:00:00
R0718,MV-90,SITE-B,rollout,2025-04-07,2025-04-26 23:00:00
R0719,HX-300,SITE-A,rollout,2025-04-07,2025-04-26 23:00:00
R0720,MV-90,SITE-A,rollout,2025-04-07,2025-04-26 23:00:00
R0721,HX-300,SITE-A,rollout,2025-04-07,2025-04-26 23:00:00
R0722,HX-500,SITE-C,rollout,2025-04-07,2025-04-26 23:00:00
R0723,MV-90,SITE-A,rollout,2025-04-07,2025-04-26 23:00:00
R0724,HX-500,SITE-A,rollout,2025-04-07,2025-04-26 23:00:00
R0725,MV-90,SITE-A,rollout,2025-04-07,2025-04-26 23:00:00
R0726,HX-300,SITE-A,rollout,2025-04-07,2025-04-26 23:00:00
R0727,HX-300,SITE-A,rollout,2025-04-07,2025-04-26 23:00:00
R0728,HX-500,SITE-C,rollout,2025-04-07,2025-04-26 23:00:00
R0729,HX-300,SITE-A,rollout,2025-04-07,2025-04-26 23:00:00
R0730,HX-300,SITE-A,rollout,2025-04-07,2025-04-26 23:00:00
R0731,HX-300,SITE-A,rollout,2025-04-07,2025-04-26 23:00:00
R0732,MV-90,SITE-C,rollout,2025-04-07,2025-04-26 23:00:00
R0733,HX-300,SITE-A,rollout,2025-04-07,2025-04-26 23:00:00
R0734,HX-300,SITE-A,rollout,2025-04-07,2025-04-26 23:00:00
R0735,MV-90,SITE-A,rollout,2025-04-07,2025-04-26 23:00:00
R0736,HX-300,SITE-C,rollout,2025-04-07,2025-04-26 23:00:00
R0737,HX-300,SITE-A,rollout,2025-04-07,2025-04-26 23:00:00
R0738,HX-300,SITE-B,rollout,2025-04-07,2025-04-26 23:00:00
R0739,MV-90,SITE-A,rollout,2025-04-07,2025-04-26 23:00:00
R0740,HX-500,SITE-B,rollout,2025-04-07,2025-04-26 23:00:00
R0741,MV-90,SITE-A,rollout,2025-04-07,2025-04-26 23:00:00
R0742,HX-500,SITE-A,rollout,2025-04-07,2025-04-26 23:00:00
R0743,MV-90,SITE-C,rollout,2025-04-07,2025-04-26 23:00:00
R0744,HX-300,SITE-A,rollout,2025-04-07,2025-04-26 23:00:00
R0745,HX-300,SITE-A,rollout,2025-04-07,2025-04-26 23:00:00
R0746,MV-90,SITE-B,rollout,2025-04-07,2025-04-26 23:00:00
R0747,HX-300,SITE-A,rollout,2025-04-07,2025-04-26 23:00:00
R0748,HX-300,SITE-A,rollout,2025-04-07,2025-04-26 23:00:00
R0749,HX-500,SITE-A,rollout,2025-04-07,2025-04-26 23:00:00
R0750,HX-500,SITE-A,rollout,2025-04-07,2025-04-26 23:00:00
R0751,MV-90,SITE-A,rollout,2025-04-07,2025-04-26 23:00:00
R0752,HX-500,SITE-A,rollout,2025-04-07,2025-04-26 23:00:00
R0753,HX-500,SITE-C,rollout,2025-04-07,2025-04-26 23:00:00
R0754,HX-500,SITE-A,rollout,2025-04-07,2025-04-26 23:00:00
R0755,HX-300,SITE-B,rollout,2025-04-07,2025-04-26 23:00:00
R0756,HX-500,SITE-A,rollout,2025-04-07,2025-04-26 23:00:00
R0757,MV-90,SITE-A,rollout,2025-04-07,2025-04-26 23:00:00
R0758,MV-90,SITE-B,rollout,2025-04-07,2025-04-26 23:00:00
R0759,HX-500,SITE-A,rollout,2025-04-07,2025-04-26 23:00:00
R0760,HX-300,SITE-B,rollout,2025-04-07,2025-04-26 23:00:00
R0761,HX-300,SITE-B,rollout,2025-04-07,2025-04-26 23:00:00
R0762,HX-500,SITE-B,rollout,2025-04-07,2025-04-26 23:00:00
R0763,MV-90,SITE-A,rollout,2025-04-07,2025-04-26 23:00:00
R0764,HX-500,SITE-B,rollout,2025-04-07,2025-04-26 23:00:00
R0765,HX-500,SITE-C,rollout,2025-04-07,2025-04-26 23:00:00
R0766,HX-500,SITE-A,rollout,2025-04-07,2025-04-26 23:00:00
R0767,HX-500,SITE-C,rollout,2025-04-07,2025-04-26 23:00:00
R0768,HX-300,SITE-C,rollout,2025-04-07,2025-04-26 23:00:00
R0769,MV-90,SITE-A,rollout,2025-04-07,2025-04-26 23:00:00
R0770,HX-300,SITE-B,rollout,2025-04-07,2025-04-26 23:00:00
R0771,HX-300,SITE-B,rollout,2025-04-07,2025-04-26 23:00:00
R0772,HX-500,SITE-B,rollout,2025-04-07,2025-04-26 23:00:00
R0773,MV-90,SITE-A,rollout,2025-04-07,2025-04-26 23:00:00
R0774,HX-500,SITE-B,rollout,2025-04-07,2025-04-26 23:00:00
R0775,HX-300,SITE-A,rollout,2025-04-07,2025-04-26 23:00:00
R0776,HX-300,SITE-B,rollout,2025-04-07,2025-04-26 23:00:00
R0777,HX-300,SITE-B,rollout,2025-04-07,2025-04-26 23:00:00
R0778,HX-500,SITE-C,rollout,2025-04-07,2025-04-26 23:00:00
R0779,HX-300,SITE-C,rollout,2025-04-07,2025-04-26 23:00:00
R0780,HX-300,SITE-A,rollout,2025-04-07,2025-04-26 23:00:00
R0781,HX-500,SITE-C,rollout,2025-04-07,2025-04-26 23:00:00
R0782,HX-300,SITE-A,rollout,2025-04-07,2025-04-26 23:00:00
R0783,HX-500,SITE-A,rollout,2025-04-07,2025-04-26 23:00:00
R0784,HX-300,SITE-B,rollout,2025-04-07,2025-04-26 23:00:00
R0785,HX-300,SITE-B,rollout,2025-04-07,2025-04-26 23:00:00
R0786,HX-500,SITE-A,rollout,2025-04-07,2025-04-26 23:00:00
R0787,HX-300,SITE-B,rollout,2025-04-07,2025-04-26 23:00:00
R0788,HX-500,SITE-A,rollout,2025-04-07,2025-04-26 23:00:00
R0789,HX-500,SITE-C,rollout,2025-04-07,2025-04-26 23:00:00
R0790,HX-500,SITE-B,rollout,2025-04-07,2025-04-26 23:00:00
R0791,HX-500,SITE-A,rollout,2025-04-07,2025-04-26 23:00:00
R0792,HX-300,SITE-B,rollout,2025-04-07,2025-04-26 23:00:00
R0793,MV-90,SITE-B,rollout,2025-04-07,2025-04-26 23:00:00
R0794,HX-300,SITE-C,rollout,2025-04-07,2025-04-26 23:00:00
R0795,HX-500,SITE-C,rollout,2025-04-07,2025-04-26 23:00:00
R0796,MV-90,SITE-C,rollout,2025-04-07,2025-04-26 23:00:00
R0797,MV-90,SITE-A,rollout,2025-04-07,2025-04-26 23:00:00
R0798,MV-90,SITE-A,rollout,2025-04-07,2025-04-26 23:00:00
R0799,HX-500,SITE-B,rollout,2025-04-07,2025-04-26 23:00:00
R0800,HX-300,SITE-B,rollout,2025-04-07,2025-04-26 23:00:00
